sim_id,outcome,trades_taken,final_equity,peak_equity,max_drawdown,max_win_streak,max_loss_streak
0,failed,71,24689.5,25713.5,1024.0,3,9
1,failed,27,24271.5,25581.0,1309.5,3,5
2,passed,63,26541.5,26541.5,958.0,10,8
3,passed,22,26505.5,26505.5,250.0,3,3
4,passed,11,26506.0,26506.0,350.0,4,3
5,failed,24,24220.5,25265.0,1044.5,2,4
6,failed,61,25023.5,26031.5,1008.0,5,4
7,failed,57,25097.5,26227.5,1130.0,4,5
8,failed,13,23935.0,25000.0,1065.0,2,2
9,failed,16,24746.5,25964.5,1218.0,5,5
10,failed,16,24076.5,25130.5,1054.0,2,4
11,failed,30,24730.0,25885.0,1155.0,2,4
12,passed,28,26728.0,26728.0,340.0,3,2
13,failed,74,25189.0,26227.5,1038.5,4,8
14,failed,10,24359.5,25595.0,1235.5,3,4
15,failed,10,24612.5,25817.0,1204.5,3,2
16,failed,14,24360.5,25500.5,1140.0,2,6
17,passed,51,26602.5,26602.5,635.5,5,4
18,failed,93,25001.5,26029.5,1028.0,4,5
19,passed,17,26747.5,26747.5,184.5,5,2
20,passed,102,26523.5,26523.5,690.0,6,7
21,failed,24,24353.5,25405.5,1052.0,3,6
22,failed,50,24626.0,25659.0,1033.0,3,8
23,failed,10,24285.5,25310.5,1025.0,2,4
24,failed,25,24432.0,25477.0,1045.0,2,3
25,failed,13,24502.0,25506.0,1004.0,6,4
26,passed,44,26562.5,26562.5,688.0,4,4
27,failed,56,25126.0,26150.0,1024.0,4,5
28,passed,54,26500.5,26500.5,548.5,4,5
29,passed,18,26876.5,26876.5,468.0,4,8
30,failed,25,23936.5,25000.0,1063.5,4,4
31,failed,46,23940.5,25064.5,1124.0,3,7
32,passed,39,26591.5,26591.5,361.5,5,3
33,passed,16,26917.5,26917.5,302.0,4,3
34,failed,37,25251.5,26464.0,1212.5,5,5
35,failed,48,24609.5,25697.0,1087.5,6,4
36,passed,56,26626.0,26626.0,998.0,7,5
37,failed,74,24978.0,26046.0,1068.0,5,6
38,passed,41,26521.0,26521.0,771.0,3,4
39,passed,38,26528.5,26528.5,447.5,3,4
40,failed,49,24401.5,25544.0,1142.5,6,4
41,failed,41,25231.5,26260.5,1029.0,4,5
42,failed,30,24822.5,25899.0,1076.5,3,5
43,failed,68,24859.5,25902.5,1043.0,7,7
44,passed,57,26542.0,26542.0,814.0,3,4
45,passed,21,27372.0,27372.0,649.0,4,5
46,failed,6,23914.5,25000.0,1085.5,0,6
47,failed,60,25221.5,26253.0,1031.5,4,5
48,passed,46,26592.5,26592.5,584.5,4,4
49,failed,48,24879.5,25890.5,1011.0,6,7
50,failed,34,24076.0,25091.0,1015.0,5,5
51,passed,110,26502.0,26502.0,687.5,6,4
52,failed,22,24648.5,26001.5,1353.0,3,3
53,failed,65,25047.0,26229.0,1182.0,3,7
54,failed,29,24033.5,25119.0,1085.5,2,3
55,passed,25,26543.0,26543.0,442.5,3,4
56,passed,105,26556.0,26556.0,618.0,6,5
57,passed,50,26683.0,26683.0,928.5,4,5
58,failed,51,24983.0,25995.0,1012.0,5,5
59,passed,32,26829.5,26829.5,468.5,3,3
60,passed,89,26712.5,26712.5,802.5,4,4
61,failed,22,24758.0,25872.5,1114.5,7,5
62,passed,29,26537.5,26537.5,442.5,2,5
63,failed,30,24631.0,25684.5,1053.5,3,3
64,failed,5,23980.5,25000.0,1019.5,1,3
65,passed,30,26660.5,26660.5,156.5,6,2
66,failed,11,23953.0,25096.5,1143.5,1,3
67,passed,24,26563.0,26563.0,274.0,3,2
68,failed,9,24245.5,25481.5,1236.0,2,3
69,passed,49,26696.5,26696.5,761.0,6,4
70,failed,9,24895.5,25973.5,1078.0,2,5
71,failed,48,23962.5,25123.5,1161.0,3,5
72,failed,21,24555.5,25734.0,1178.5,3,4
73,passed,57,26529.0,26529.0,928.0,7,4
74,passed,15,26670.5,26670.5,568.0,4,4
75,passed,49,26519.5,26519.5,802.5,5,3
76,failed,63,24712.5,25927.5,1215.0,4,5
77,passed,10,26904.5,26904.5,296.0,4,2
78,failed,52,24194.5,25387.0,1192.5,3,6
79,passed,32,26781.0,26781.0,600.5,4,4
80,failed,61,24439.0,25443.0,1004.0,5,7
81,passed,53,26539.0,26539.0,523.0,4,6
82,failed,20,23878.0,25078.5,1200.5,2,10
83,failed,9,23986.5,25000.0,1013.5,1,4
84,failed,74,24955.0,26113.0,1158.0,4,7
85,failed,10,24169.5,25208.5,1039.0,1,5
86,passed,32,26625.5,26625.5,152.0,5,2
87,passed,61,26530.0,26530.0,921.5,6,7
88,passed,38,26780.5,26780.5,679.5,5,4
89,failed,8,24441.5,25573.5,1132.0,2,3
90,passed,13,27453.0,27453.0,400.0,4,3
91,failed,18,24173.5,25254.0,1080.5,1,7
92,passed,22,26545.0,26545.0,556.5,4,2
93,passed,7,26671.0,26671.0,45.5,5,1
94,failed,6,24660.5,25789.0,1128.5,1,3
95,passed,72,26711.0,26711.0,641.0,4,7
96,passed,23,27058.0,27058.0,722.5,2,3
97,failed,25,24875.5,25884.0,1008.5,5,6
98,passed,15,26529.0,26529.0,267.5,3,2
99,failed,28,24176.0,25297.5,1121.5,2,4
100,failed,82,25141.5,26150.5,1009.0,4,8
101,failed,46,25063.5,26071.0,1007.5,3,6
102,failed,34,24110.5,25211.5,1101.0,4,4
103,passed,29,26540.0,26540.0,816.5,6,3
104,passed,100,26514.5,26514.5,895.0,6,5
105,passed,27,26582.0,26582.0,501.0,4,4
106,failed,7,24413.0,25508.0,1095.0,1,4
107,passed,60,26593.0,26593.0,614.0,6,4
108,failed,13,24365.0,25405.0,1040.0,2,5
109,failed,33,24194.5,25234.0,1039.5,3,7
110,failed,53,25243.5,26300.5,1057.0,3,8
111,passed,27,26691.5,26691.5,390.0,3,3
112,failed,11,23975.5,25000.0,1024.5,1,7
113,failed,13,24065.0,25205.0,1140.0,3,6
114,failed,20,24320.0,25361.0,1041.0,2,5
115,passed,53,26546.5,26546.5,489.5,3,5
116,passed,25,26975.0,26975.0,897.0,3,4
117,failed,118,24361.0,25365.0,1004.0,4,7
118,passed,36,26541.0,26541.0,564.5,5,4
119,passed,14,26523.5,26523.5,386.5,3,2
120,failed,49,24495.5,25505.0,1009.5,3,4
121,passed,15,26622.5,26622.5,276.5,3,2
122,failed,11,24311.0,25439.5,1128.5,2,3
123,passed,50,26912.0,26912.0,608.0,5,5
124,failed,18,24257.0,25387.5,1130.5,3,3
125,passed,52,26522.0,26522.0,706.5,4,6
126,failed,24,24509.5,25562.5,1053.0,3,9
127,failed,10,23977.0,25000.0,1023.0,1,4
128,failed,41,24529.5,25708.0,1178.5,7,6
129,passed,28,26545.5,26545.5,788.0,5,4
130,passed,47,26513.5,26513.5,467.5,5,3
131,failed,8,24415.0,25481.5,1066.5,2,3
132,failed,29,24267.5,25359.5,1092.0,6,3
133,failed,16,24560.0,25582.0,1022.0,2,5
134,failed,46,25207.5,26310.0,1102.5,4,9
135,failed,10,24391.0,25506.5,1115.5,2,4
136,failed,23,25156.0,26269.0,1113.0,6,3
137,failed,35,24336.0,25450.0,1114.0,3,4
138,failed,29,25040.0,26084.0,1044.0,4,3
139,failed,74,24966.0,26140.5,1174.5,4,5
140,failed,86,24269.0,25355.0,1086.0,4,10
141,failed,11,23809.5,25000.0,1190.5,1,6
142,failed,42,24992.5,26007.0,1014.5,6,4
143,failed,70,25304.0,26376.5,1072.5,5,5
144,failed,24,24416.0,25505.5,1089.5,5,4
145,passed,4,26646.0,26646.0,207.5,2,1
146,failed,43,25067.5,26427.0,1359.5,3,4
147,passed,24,26550.0,26550.0,961.0,5,3
148,passed,91,26505.5,26505.5,895.0,6,8
149,passed,12,26743.0,26743.0,771.5,6,3
150,failed,7,25133.0,26261.5,1128.5,2,3
151,failed,18,23916.5,25057.5,1141.0,3,5
152,failed,38,24295.5,25306.0,1010.5,3,6
153,failed,6,23920.5,25000.0,1079.5,1,3
154,failed,54,25320.5,26334.5,1014.0,2,3
155,failed,6,24264.5,25268.5,1004.0,2,4
156,passed,52,26556.0,26556.0,702.5,6,4
157,passed,24,26687.0,26687.0,417.5,3,3
158,passed,37,26920.5,26920.5,645.0,4,3
159,passed,15,26554.0,26554.0,501.0,3,4
160,failed,25,23846.5,25000.0,1153.5,4,6
161,failed,11,24626.5,25755.0,1128.5,3,4
162,failed,33,24515.5,25563.0,1047.5,3,5
163,failed,41,24387.5,25615.0,1227.5,3,4
164,passed,29,26734.0,26734.0,797.5,5,2
165,passed,22,26740.5,26740.5,354.5,3,3
166,failed,13,23945.5,25000.0,1054.5,1,7
167,passed,55,26522.5,26522.5,627.0,7,6
168,failed,28,24256.5,25286.5,1030.0,3,6
169,passed,28,26573.0,26573.0,442.5,4,3
170,passed,31,26505.5,26505.5,449.5,8,5
171,failed,17,24052.0,25271.0,1219.0,3,5
172,failed,26,25241.0,26284.0,1043.0,2,4
173,failed,19,24989.5,25993.5,1004.0,3,4
174,passed,54,26563.5,26563.5,508.5,6,4
175,failed,22,24095.0,25205.0,1110.0,3,4
176,failed,19,24199.5,25233.0,1033.5,3,6
177,failed,51,24137.0,25196.0,1059.0,3,7
178,failed,57,25160.5,26292.0,1131.5,4,5
179,passed,41,26671.5,26671.5,590.5,7,6
180,failed,35,25241.5,26336.5,1095.0,3,5
181,failed,65,24041.0,25140.5,1099.5,4,6
182,failed,30,24906.0,25976.5,1070.5,4,5
183,failed,11,24354.0,25481.5,1127.5,2,3
184,failed,24,24357.0,25557.5,1200.5,5,6
185,passed,19,26689.5,26689.5,314.0,3,2
186,failed,28,25063.0,26077.0,1014.0,2,3
187,passed,31,26508.0,26508.0,396.0,4,2
188,failed,6,24243.0,25272.0,1029.0,1,5
189,passed,12,27056.5,27056.5,204.0,6,6
190,failed,20,24288.0,25401.5,1113.5,2,6
191,passed,18,26813.0,26813.0,386.5,4,1
192,passed,54,26872.5,26872.5,954.0,5,5
193,failed,24,24482.5,25724.5,1242.0,2,3
194,passed,21,26634.5,26634.5,635.5,3,8
195,passed,30,26743.0,26743.0,870.5,4,4
196,passed,59,26598.0,26598.0,713.5,6,7
197,failed,30,24597.5,25687.5,1090.0,2,3
198,failed,31,24954.0,25973.0,1019.0,3,6
199,failed,14,23870.0,25000.0,1130.0,1,6
200,passed,32,26695.0,26695.0,391.5,4,4
201,passed,56,26605.5,26605.5,802.5,5,3
202,passed,18,26631.5,26631.5,572.5,3,6
203,passed,82,26754.0,26754.0,755.0,8,6
204,failed,52,24601.0,25766.0,1165.0,3,6
205,failed,12,24534.0,25605.0,1071.0,3,3
206,passed,41,26549.5,26549.5,660.0,3,4
207,passed,51,26664.0,26664.0,561.5,3,4
208,failed,6,24264.5,25268.5,1004.0,2,4
209,passed,66,26510.5,26510.5,662.5,4,5
210,passed,7,26671.0,26671.0,45.5,5,1
211,passed,40,26563.5,26563.5,993.5,3,6
212,passed,9,26671.0,26671.0,262.0,4,1
213,failed,23,24081.0,25227.0,1146.0,3,6
214,failed,36,24144.5,25179.5,1035.0,4,5
215,failed,15,24550.5,25605.0,1054.5,3,4
216,failed,23,23898.5,25187.5,1289.0,3,6
217,failed,67,25125.5,26188.5,1063.0,6,6
218,failed,23,24335.5,25453.5,1118.0,2,3
219,failed,45,24831.5,25944.5,1113.0,8,4
220,failed,41,24616.5,25848.0,1231.5,4,4
221,passed,11,26597.5,26597.5,254.0,4,2
222,failed,27,24054.0,25232.5,1178.5,4,5
223,failed,19,25040.0,26218.5,1178.5,4,4
224,passed,62,26514.5,26514.5,617.5,4,8
225,failed,32,24375.0,25466.0,1091.0,2,11
226,failed,128,24774.0,25847.5,1073.5,4,7
227,failed,46,24423.0,25620.5,1197.5,3,3
228,failed,54,25137.5,26263.0,1125.5,5,6
229,passed,19,26545.5,26545.5,139.0,3,2
230,failed,56,25101.5,26250.5,1149.0,4,6
231,passed,23,26562.0,26562.0,510.5,4,5
232,failed,42,25369.0,26448.5,1079.5,3,3
233,failed,11,24229.5,25357.5,1128.0,2,7
234,failed,31,23924.5,25005.0,1080.5,2,7
235,failed,22,24663.0,25687.5,1024.5,3,7
236,passed,80,26596.5,26596.5,769.0,4,5
237,failed,33,23997.0,25000.0,1003.0,2,4
238,passed,52,26504.0,26504.0,787.5,3,3
239,failed,36,24860.0,26023.5,1163.5,2,6
240,passed,21,26740.0,26740.0,375.5,3,4
241,failed,31,24378.5,25549.0,1170.5,3,6
242,passed,45,26616.0,26616.0,508.5,6,5
243,failed,30,24425.5,25655.5,1230.0,4,5
244,failed,78,24375.5,25467.5,1092.0,4,5
245,failed,37,24522.0,25596.0,1074.0,8,4
246,passed,14,26797.0,26797.0,143.0,5,2
247,failed,83,24705.5,25716.0,1010.5,4,6
248,failed,31,24780.0,25797.5,1017.5,2,5
249,passed,80,26625.0,26625.0,989.0,6,6
250,failed,12,24118.0,25299.5,1181.5,1,6
251,passed,10,27058.5,27058.5,535.5,5,2
252,passed,71,26667.0,26667.0,654.5,3,4
253,failed,18,24414.0,25473.0,1059.0,3,4
254,passed,18,26804.0,26804.0,556.5,3,2
255,failed,16,24375.0,25453.5,1078.5,3,4
256,failed,23,25113.0,26139.0,1026.0,4,5
257,passed,19,26608.5,26608.5,702.5,4,6
258,failed,52,25236.5,26329.5,1093.0,5,7
259,failed,9,24457.0,25491.0,1034.0,2,4
260,passed,55,26507.0,26507.0,683.0,5,4
261,failed,17,24348.0,25480.0,1132.0,2,5
262,failed,36,24737.5,25743.5,1006.0,3,5
263,failed,8,23888.5,25037.5,1149.0,1,5
264,failed,7,23997.0,25000.0,1003.0,1,5
265,passed,11,26726.5,26726.5,239.0,3,1
266,failed,17,24152.5,25198.5,1046.0,1,6
267,passed,18,26625.5,26625.5,131.0,3,2
268,passed,55,26623.0,26623.0,986.0,5,4
269,failed,31,24226.5,25475.0,1248.5,2,6
270,passed,22,26599.5,26599.5,627.5,6,2
271,passed,68,26561.0,26561.0,870.0,5,4
272,failed,26,24478.5,25484.5,1006.0,2,9
273,passed,21,26567.5,26567.5,564.5,4,4
274,failed,88,24503.0,25689.5,1186.5,5,4
275,failed,33,24781.5,25796.5,1015.0,4,5
276,passed,64,26629.5,26629.5,672.5,3,8
277,passed,8,26515.0,26515.0,145.0,3,1
278,failed,58,24167.5,25179.0,1011.5,3,6
279,passed,32,26559.0,26559.0,840.5,4,4
280,passed,11,26850.5,26850.5,236.0,3,2
281,passed,27,26550.0,26550.0,670.5,5,5
282,passed,39,26754.0,26754.0,406.5,8,4
283,failed,78,24749.5,26108.0,1358.5,4,8
284,failed,49,24878.5,25900.0,1021.5,4,5
285,failed,28,24090.5,25153.5,1063.0,3,5
286,passed,44,26657.0,26657.0,478.5,4,3
287,failed,51,24163.5,25283.0,1119.5,3,6
288,passed,23,27078.5,27078.5,504.0,7,3
289,failed,43,24006.0,25159.0,1153.0,5,6
290,failed,45,24747.0,25747.0,1000.0,7,5
291,failed,14,25277.0,26336.5,1059.5,3,3
292,failed,34,24717.0,25871.0,1154.0,9,7
293,failed,36,25068.5,26179.5,1111.0,3,4
294,failed,58,24175.0,25437.5,1262.5,3,7
295,failed,6,23860.0,25000.0,1140.0,0,6
296,failed,5,23824.5,25003.0,1178.5,1,4
297,failed,66,24302.5,25363.0,1060.5,4,7
298,passed,28,26636.0,26636.0,406.0,4,3
299,passed,128,26734.0,26734.0,841.0,5,6
300,passed,36,26668.0,26668.0,410.0,4,2
301,passed,29,26684.0,26684.0,212.5,4,4
302,failed,22,25364.5,26387.5,1023.0,3,5
303,failed,28,24065.0,25150.5,1085.5,3,6
304,passed,52,26566.0,26566.0,913.5,8,5
305,passed,17,27314.0,27314.0,158.0,4,2
306,failed,14,25106.5,26235.0,1128.5,3,3
307,failed,12,24318.0,25388.0,1070.0,2,7
308,failed,9,24089.0,25218.5,1129.5,1,4
309,passed,19,27024.5,27024.5,268.0,3,3
310,failed,52,25008.5,26065.5,1057.0,4,5
311,passed,41,26639.5,26639.5,740.0,5,5
312,failed,67,25321.0,26398.5,1077.5,5,4
313,passed,103,27220.0,27220.0,919.0,4,6
314,failed,34,25224.5,26253.5,1029.0,4,5
315,failed,84,24793.5,25922.0,1128.5,4,6
316,passed,13,27523.0,27523.0,422.0,4,5
317,passed,46,26539.5,26539.5,386.5,5,4
318,passed,43,26637.0,26637.0,711.5,4,4
319,failed,25,23933.0,25061.5,1128.5,2,5
320,passed,40,26677.5,26677.5,356.5,5,4
321,failed,19,23988.5,25000.0,1011.5,2,6
322,passed,10,27351.5,27351.5,144.5,5,3
323,failed,30,24718.0,25844.0,1126.0,4,5
324,failed,31,24918.5,26051.5,1133.0,6,4
325,passed,15,26552.5,26552.5,348.5,4,4
326,failed,23,24234.5,25359.0,1124.5,1,6
327,failed,32,25241.0,26254.0,1013.0,2,4
328,passed,24,26734.0,26734.0,274.5,4,2
329,failed,29,25145.0,26178.0,1033.0,4,3
330,passed,40,26669.0,26669.0,677.5,3,3
331,passed,37,26692.5,26692.5,639.0,5,2
332,failed,27,24698.0,25793.0,1095.0,4,4
333,passed,36,26606.5,26606.5,677.5,3,3
334,passed,23,26656.0,26656.0,519.5,3,4
335,failed,32,24213.5,25247.0,1033.5,3,4
336,failed,37,23974.5,25236.0,1261.5,6,4
337,failed,6,24243.0,25272.0,1029.0,1,5
338,passed,27,26693.5,26693.5,388.0,4,2
339,failed,10,23866.0,25076.5,1210.5,1,6
340,passed,69,26600.5,26600.5,869.0,5,5
341,passed,23,26677.0,26677.0,379.0,4,2
342,failed,29,24554.0,25647.5,1093.5,3,6
343,failed,39,24868.5,25920.0,1051.5,3,6
344,failed,23,23998.5,25087.5,1089.0,2,7
345,failed,47,25396.5,26454.5,1058.0,3,4
346,failed,85,24853.5,25877.5,1024.0,4,4
347,failed,13,24135.5,25272.0,1136.5,2,6
348,failed,32,24891.5,25939.5,1048.0,3,4
349,failed,69,25007.0,26024.0,1017.0,4,5
350,failed,73,24982.0,26134.5,1152.5,4,9
351,passed,36,26518.5,26518.5,757.0,4,5
352,failed,29,24321.0,25480.0,1159.0,2,5
353,failed,44,25204.5,26255.5,1051.0,4,5
354,failed,20,24797.5,25934.5,1137.0,4,4
355,failed,32,25077.5,26081.5,1004.0,3,7
356,passed,45,26591.0,26591.0,645.0,4,4
357,failed,8,24083.5,25129.0,1045.5,1,4
358,failed,10,23956.5,25150.5,1194.0,1,4
359,passed,27,26518.0,26518.0,411.0,3,2
360,failed,19,23947.0,25000.0,1053.0,2,7
361,passed,9,26963.5,26963.5,276.5,4,2
362,failed,17,24363.5,25430.5,1067.0,3,5
363,failed,58,25335.5,26368.5,1033.0,6,8
364,failed,21,23981.5,25000.0,1018.5,4,10
365,failed,30,23850.5,25000.0,1149.5,1,7
366,failed,29,24982.0,26003.0,1021.0,4,3
367,passed,58,26552.5,26552.5,893.0,4,8
368,failed,93,25316.0,26366.5,1050.5,6,4
369,failed,54,24881.0,25898.0,1017.0,5,4
370,failed,20,24040.0,25219.5,1179.5,4,3
371,passed,72,26527.5,26527.5,712.5,6,7
372,failed,50,24237.5,25454.0,1216.5,3,4
373,failed,34,24216.5,25461.0,1244.5,3,7
374,failed,75,24699.0,25786.0,1087.0,4,8
375,failed,44,25192.5,26370.0,1177.5,4,4
376,passed,23,26941.0,26941.0,876.0,3,5
377,passed,31,26590.5,26590.5,418.5,8,3
378,passed,30,26896.0,26896.0,707.5,3,2
379,passed,64,26502.0,26502.0,796.5,7,5
380,passed,86,26566.0,26566.0,986.5,5,8
381,failed,11,24043.0,25107.5,1064.5,1,9
382,failed,16,24507.5,25517.5,1010.0,3,3
383,failed,35,24463.0,25529.0,1066.0,3,6
384,failed,25,24079.5,25203.0,1123.5,3,7
385,failed,86,25046.5,26167.5,1121.0,4,5
386,failed,7,24530.0,25534.0,1004.0,3,4
387,passed,17,26729.0,26729.0,580.0,7,3
388,passed,28,26520.0,26520.0,309.5,3,5
389,failed,36,24746.0,25828.0,1082.0,4,3
390,failed,16,24392.5,25406.5,1014.0,3,4
391,failed,23,24245.0,25317.0,1072.0,2,5
392,failed,7,24147.5,25296.5,1149.0,1,6
393,passed,32,26516.5,26516.5,472.0,6,3
394,failed,61,25263.5,26333.0,1069.5,4,4
395,failed,38,24391.5,25397.5,1006.0,6,7
396,failed,22,24447.0,25506.5,1059.5,2,5
397,passed,13,26540.5,26540.5,362.5,5,2
398,failed,29,24529.5,25614.5,1085.0,4,5
399,failed,17,24523.0,25615.0,1092.0,2,5
400,failed,30,23937.5,25036.0,1098.5,2,5
401,passed,35,26598.5,26598.5,928.0,4,11
402,failed,7,25133.0,26261.5,1128.5,2,3
403,failed,6,23944.0,25000.0,1056.0,0,6
404,passed,30,26661.0,26661.0,443.5,6,3
405,failed,37,24538.0,25758.0,1220.0,3,9
406,failed,17,25178.5,26194.5,1016.0,3,6
407,failed,24,24375.5,25379.0,1003.5,2,3
408,failed,25,24342.0,25443.0,1101.0,2,3
409,passed,32,26533.0,26533.0,507.5,4,4
410,passed,7,27718.0,27718.0,386.5,4,1
411,failed,45,24276.5,25387.0,1110.5,4,4
412,failed,11,23877.0,25000.0,1123.0,1,4
413,passed,14,26628.0,26628.0,735.5,3,3
414,passed,5,26627.5,26627.5,386.5,3,1
415,failed,110,24462.5,25590.0,1127.5,5,9
416,passed,25,26510.5,26510.5,667.5,5,4
417,failed,8,24106.5,25198.5,1092.0,1,3
418,passed,28,26796.5,26796.5,489.5,4,4
419,failed,64,24304.0,25349.0,1045.0,3,7
420,failed,41,24386.5,25427.5,1041.0,3,4
421,failed,71,25085.5,26347.0,1261.5,7,8
422,failed,36,24919.5,25928.5,1009.0,4,5
423,passed,53,26565.5,26565.5,885.5,5,6
424,failed,29,24564.5,25812.0,1247.5,7,7
425,failed,28,24177.0,25228.5,1051.5,3,5
426,passed,38,26585.5,26585.5,774.5,10,3
427,passed,57,26851.5,26851.5,786.0,4,4
428,passed,52,26600.0,26600.0,524.5,3,5
429,failed,18,24271.5,25348.0,1076.5,2,3
430,failed,44,25200.0,26274.5,1074.5,3,6
431,failed,33,24623.0,25642.5,1019.5,3,4
432,passed,29,26744.5,26744.5,711.5,3,4
433,passed,20,26701.0,26701.0,573.5,3,3
434,failed,20,23856.5,25057.0,1200.5,3,7
435,failed,13,24056.0,25179.5,1123.5,2,5
436,failed,8,24624.5,25643.0,1018.5,2,3
437,failed,18,24808.0,25936.5,1128.5,7,4
438,failed,33,25397.5,26457.0,1059.5,3,5
439,passed,5,27451.5,27451.5,386.5,4,1
440,failed,8,23861.5,25000.0,1138.5,1,2
441,failed,8,24139.0,25485.5,1346.5,1,3
442,failed,6,24123.0,25301.5,1178.5,2,4
443,failed,6,23863.5,25000.0,1136.5,0,6
444,passed,81,26617.0,26617.0,891.0,5,3
445,failed,22,23901.5,25000.0,1098.5,4,7
446,passed,30,26620.0,26620.0,612.0,4,3
447,failed,29,24202.0,25395.0,1193.0,2,6
448,passed,19,26842.0,26842.0,425.0,3,2
449,failed,57,24365.0,25422.5,1057.5,3,5
450,passed,78,26659.0,26659.0,606.0,5,5
451,passed,15,26559.5,26559.5,332.5,5,2
452,passed,112,26508.5,26508.5,723.5,6,10
453,passed,57,26527.5,26527.5,810.5,5,5
454,failed,57,25378.0,26494.5,1116.5,5,3
455,passed,64,26921.0,26921.0,561.5,6,5
456,passed,6,26516.0,26516.0,268.0,3,1
457,passed,54,26622.0,26622.0,912.0,3,5
458,failed,15,24464.0,25606.0,1142.0,3,6
459,failed,23,23968.0,25141.5,1173.5,2,4
460,failed,23,24134.5,25151.5,1017.0,4,7
461,failed,21,25358.5,26432.0,1073.5,4,3
462,passed,36,26769.5,26769.5,486.5,4,10
463,passed,13,26699.5,26699.5,338.0,3,3
464,passed,16,26714.0,26714.0,205.5,4,2
465,failed,21,24153.0,25282.5,1129.5,2,6
466,failed,33,24393.0,25463.0,1070.0,3,7
467,passed,49,26657.0,26657.0,527.5,6,3
468,passed,24,26550.0,26550.0,312.5,3,4
469,failed,8,24224.0,25365.5,1141.5,2,6
470,passed,39,26699.5,26699.5,687.5,4,3
471,failed,40,25447.0,26467.0,1020.0,7,5
472,failed,89,25093.5,26160.5,1067.0,6,16
473,passed,29,26760.5,26760.5,671.5,4,3
474,passed,32,26556.5,26556.5,377.5,5,4
475,failed,57,25227.0,26336.0,1109.0,3,5
476,failed,57,25282.5,26343.0,1060.5,4,11
477,failed,6,23851.0,25000.0,1149.0,0,6
478,failed,12,23807.0,25083.5,1276.5,2,6
479,failed,31,24221.0,25277.0,1056.0,3,6
480,failed,33,24997.0,25999.0,1002.0,4,4
481,failed,52,24830.5,26021.0,1190.5,3,4
482,passed,15,26714.5,26714.5,519.5,5,3
483,failed,22,24025.0,25062.5,1037.5,2,4
484,passed,8,26693.5,26693.5,17.5,6,1
485,failed,33,24811.0,25973.5,1162.5,6,5
486,passed,66,26540.0,26540.0,714.5,5,5
487,passed,70,26841.0,26841.0,674.5,6,8
488,failed,17,24221.0,25386.0,1165.0,2,4
489,passed,19,26646.0,26646.0,645.0,4,3
490,failed,44,24790.0,25807.0,1017.0,3,7
491,failed,7,23940.5,25000.0,1059.5,1,3
492,failed,25,25363.0,26365.0,1002.0,3,3
493,failed,24,24431.5,25454.0,1022.5,1,6
494,failed,32,25428.0,26489.5,1061.5,3,3
495,failed,71,25099.5,26127.5,1028.0,6,6
496,failed,25,24499.5,25590.5,1091.0,2,4
497,passed,67,26607.5,26607.5,677.5,4,4
498,passed,78,26560.5,26560.5,559.5,6,4
499,failed,9,23965.5,25000.0,1034.5,1,3
500,failed,18,23941.0,25000.0,1059.0,2,5
501,passed,37,26673.0,26673.0,481.0,4,6
502,failed,59,24939.0,26011.0,1072.0,5,6
503,failed,10,23764.5,25000.0,1235.5,2,5
504,failed,79,25336.5,26351.5,1015.0,5,3
505,passed,20,26725.0,26725.0,259.0,5,2
506,passed,63,26526.0,26526.0,595.5,4,4
507,failed,31,24792.5,26070.0,1277.5,4,6
508,failed,25,24989.0,26180.0,1191.0,4,3
509,failed,14,24865.0,25947.0,1082.0,3,3
510,failed,30,24825.0,25887.0,1062.0,3,6
511,failed,14,24028.0,25185.0,1157.0,3,4
512,failed,29,25379.5,26496.5,1117.0,3,5
513,failed,78,25037.0,26058.5,1021.5,4,4
514,passed,48,26509.5,26509.5,812.0,4,6
515,passed,47,26550.0,26550.0,582.0,3,3
516,failed,38,24490.0,25698.0,1208.0,2,6
517,passed,22,26676.5,26676.5,643.0,5,3
518,passed,92,26554.5,26554.5,736.5,5,6
519,failed,11,24471.0,25629.0,1158.0,2,3
520,failed,93,25046.0,26067.0,1021.0,4,6
521,failed,14,23843.5,25000.0,1156.5,1,6
522,passed,35,26552.0,26552.0,852.5,6,4
523,failed,19,24202.0,25222.0,1020.0,2,4
524,failed,29,24132.5,25147.0,1014.5,3,5
525,passed,49,27063.5,27063.5,916.0,3,5
526,failed,18,24808.5,25931.5,1123.0,4,5
527,failed,38,23956.5,25046.5,1090.0,5,7
528,failed,17,24200.5,25205.5,1005.0,2,9
529,passed,36,26594.5,26594.5,374.0,4,4
530,passed,41,26588.0,26588.0,619.0,5,3
531,passed,60,26606.0,26606.0,926.5,4,4
532,failed,29,24417.0,25763.0,1346.0,3,6
533,failed,19,24241.0,25341.0,1100.0,1,3
534,failed,20,24166.5,25178.5,1012.0,4,3
535,failed,10,24435.5,25537.0,1101.5,2,3
536,failed,66,25465.0,26468.5,1003.5,7,5
537,passed,24,26564.0,26564.0,320.5,3,2
538,passed,45,26999.5,26999.5,773.5,2,4
539,failed,35,25023.5,26049.0,1025.5,4,5
540,failed,7,24313.5,25453.5,1140.0,1,6
541,failed,88,25433.5,26467.5,1034.0,9,5
542,passed,101,26569.5,26569.5,902.0,6,7
543,passed,68,26571.0,26571.0,802.5,6,3
544,passed,60,26615.0,26615.0,934.0,3,3
545,failed,61,25399.0,26460.0,1061.0,4,6
546,failed,23,24811.0,25818.0,1007.0,4,5
547,failed,14,24023.0,25096.0,1073.0,1,11
548,failed,27,24910.0,25943.5,1033.5,4,4
549,passed,41,26503.0,26503.0,563.5,6,4
550,passed,26,26536.5,26536.5,350.0,3,3
551,failed,25,24666.0,25730.0,1064.0,3,8
552,passed,53,26597.5,26597.5,410.0,6,3
553,passed,7,26570.5,26570.5,729.5,2,3
554,failed,40,24031.0,25107.5,1076.5,3,5
555,failed,26,24249.0,25377.5,1128.5,3,7
556,passed,42,26731.5,26731.5,559.0,3,3
557,failed,62,25301.0,26332.0,1031.0,5,5
558,passed,28,26529.0,26529.0,396.0,4,2
559,failed,12,24126.5,25146.0,1019.5,2,6
560,failed,52,24256.5,25350.0,1093.5,5,6
561,passed,47,26537.5,26537.5,825.0,4,7
562,failed,23,24607.0,25629.0,1022.0,2,4
563,passed,45,26542.0,26542.0,741.0,6,6
564,passed,25,26506.0,26506.0,355.5,3,2
565,passed,19,26790.0,26790.0,561.5,4,4
566,passed,12,27052.5,27052.5,442.5,5,4
567,failed,8,23831.0,25000.0,1169.0,1,5
568,failed,37,24341.0,25502.5,1161.5,3,5
569,failed,6,23851.0,25000.0,1149.0,0,6
570,failed,14,23895.0,25015.5,1120.5,1,5
571,passed,27,26504.5,26504.5,238.5,3,3
572,passed,57,26950.5,26950.5,888.0,4,3
573,passed,47,26525.0,26525.0,929.5,3,4
574,failed,16,24917.0,26017.0,1100.0,3,3
575,failed,13,24590.0,25600.0,1010.0,2,5
576,failed,70,25163.5,26395.0,1231.5,4,4
577,passed,15,26756.0,26756.0,198.5,4,3
578,failed,71,24111.0,25181.0,1070.0,4,6
579,passed,48,26522.5,26522.5,798.5,5,4
580,failed,71,24711.0,25785.5,1074.5,5,6
581,failed,57,24939.5,26010.0,1070.5,4,8
582,passed,24,26569.0,26569.0,341.0,4,3
583,failed,16,24081.5,25150.5,1069.0,2,5
584,failed,7,24147.5,25296.5,1149.0,1,6
585,failed,9,23809.0,25000.0,1191.0,1,5
586,passed,23,26672.0,26672.0,256.5,3,4
587,failed,31,24646.5,25830.0,1183.5,3,5
588,failed,10,24234.5,25277.5,1043.0,1,5
589,failed,14,24152.5,25183.0,1030.5,1,4
590,passed,55,26593.5,26593.5,517.5,5,5
591,passed,58,26727.0,26727.0,986.0,3,4
592,failed,13,24243.0,25421.5,1178.5,3,4
593,failed,61,25397.5,26487.5,1090.0,6,4
594,failed,38,24694.0,25703.5,1009.5,3,4
595,failed,18,24921.0,25958.5,1037.5,2,2
596,failed,60,25399.0,26400.0,1001.0,3,5
597,failed,17,24525.0,25794.5,1269.5,3,2
598,passed,46,26752.0,26752.0,654.5,4,10
599,passed,46,26586.5,26586.5,729.0,3,4
600,passed,53,26529.0,26529.0,955.0,5,4
601,passed,38,27085.0,27085.0,645.0,4,4
602,failed,16,24038.5,25042.0,1003.5,1,4
603,failed,25,23972.0,25000.0,1028.0,2,6
604,failed,26,24097.0,25206.5,1109.5,3,3
605,failed,13,25336.5,26465.0,1128.5,2,3
606,passed,29,26546.0,26546.0,530.0,4,5
607,passed,84,26561.0,26561.0,797.5,4,5
608,passed,17,26670.0,26670.0,556.5,5,2
609,failed,37,24083.0,25400.0,1317.0,2,6
610,failed,7,24313.5,25453.5,1140.0,1,6
611,passed,17,26549.0,26549.0,285.5,3,2
612,failed,24,24843.5,25994.0,1150.5,3,4
613,passed,86,26600.5,26600.5,779.5,5,5
614,passed,32,26621.5,26621.5,396.5,3,3
615,failed,17,24621.0,25758.5,1137.5,2,3
616,passed,30,26506.0,26506.0,524.5,4,3
617,passed,63,27158.0,27158.0,992.5,4,4
618,failed,18,24673.5,25771.5,1098.0,3,3
619,failed,18,24453.0,25522.0,1069.0,2,5
620,failed,86,24753.5,25862.5,1109.0,4,8
621,passed,34,26500.5,26500.5,452.0,4,3
622,failed,59,24593.0,25659.0,1066.0,5,4
623,failed,24,24030.0,25030.0,1000.0,2,4
624,failed,85,25379.5,26401.5,1022.0,6,7
625,failed,7,23774.5,25000.0,1225.5,2,4
626,failed,32,24688.5,25827.5,1139.0,5,5
627,failed,29,24739.5,25755.0,1015.5,3,3
628,failed,21,24795.0,25863.5,1068.5,4,4
629,failed,15,24387.0,25566.0,1179.0,2,6
630,failed,16,23954.5,25226.5,1272.0,2,6
631,failed,48,25320.5,26499.0,1178.5,3,4
632,passed,50,26661.5,26661.5,410.0,6,3
633,failed,40,24446.0,25574.5,1128.5,2,3
634,passed,41,26703.5,26703.5,894.0,3,4
635,passed,82,26615.5,26615.5,568.5,4,5
636,passed,51,26574.0,26574.0,605.5,4,5
637,passed,16,26700.0,26700.0,623.5,4,2
638,passed,57,26662.0,26662.0,613.5,5,7
639,failed,60,24685.5,25726.5,1041.0,5,4
640,failed,24,24896.0,25946.5,1050.5,2,5
641,failed,16,24231.5,25278.0,1046.5,4,3
642,failed,21,24311.0,25390.5,1079.5,3,3
643,failed,61,24660.0,25931.0,1271.0,4,6
644,failed,17,23926.0,25000.0,1074.0,2,6
645,failed,14,24620.5,25768.0,1147.5,3,5
646,failed,28,23902.5,25000.0,1097.5,4,4
647,passed,46,26506.5,26506.5,861.5,5,6
648,passed,61,26596.0,26596.0,808.0,7,3
649,failed,21,23964.5,25070.5,1106.0,3,7
650,passed,23,26710.5,26710.5,489.5,3,4
651,failed,29,24265.5,25370.5,1105.0,3,4
652,failed,14,24927.5,26022.5,1095.0,2,4
653,failed,4,23996.0,25000.0,1004.0,0,4
654,passed,23,26724.0,26724.0,277.5,3,2
655,passed,30,26515.0,26515.0,246.0,5,2
656,failed,21,24314.0,25333.5,1019.5,2,4
657,passed,48,26587.0,26587.0,986.0,3,4
658,failed,15,24686.0,25852.0,1166.0,3,3
659,failed,36,25167.0,26249.5,1082.5,9,9
660,passed,39,26748.0,26748.0,726.0,4,3
661,failed,4,23863.0,25000.0,1137.0,0,4
662,passed,37,26615.0,26615.0,443.5,4,3
663,passed,31,26557.0,26557.0,878.0,4,3
664,failed,13,23785.0,25000.0,1215.0,1,2
665,failed,136,25103.0,26160.5,1057.5,3,7
666,passed,13,27028.5,27028.5,398.0,6,2
667,failed,7,23997.0,25000.0,1003.0,1,5
668,failed,21,24113.0,25142.0,1029.0,2,7
669,failed,51,25010.5,26101.5,1091.0,4,5
670,failed,51,25341.5,26399.5,1058.0,5,6
671,failed,30,24616.5,25772.5,1156.0,4,4
672,passed,7,26765.0,26765.0,217.0,3,1
673,failed,7,24474.5,25653.0,1178.5,3,4
674,passed,41,26721.5,26721.5,638.0,4,3
675,passed,99,26741.5,26741.5,505.5,5,7
676,failed,40,23990.0,25107.5,1117.5,2,4
677,passed,15,26594.0,26594.0,178.0,3,2
678,passed,75,26662.5,26662.5,986.0,3,8
679,failed,25,24307.0,25388.0,1081.0,3,5
680,failed,32,25240.0,26292.5,1052.5,2,3
681,failed,7,25133.0,26261.5,1128.5,2,3
682,failed,16,23883.5,25058.0,1174.5,2,2
683,passed,36,26603.5,26603.5,603.0,3,4
684,passed,103,27184.0,27184.0,978.0,4,5
685,failed,37,25146.5,26197.5,1051.0,4,5
686,passed,3,27004.0,27004.0,0.0,3,0
687,passed,32,26548.0,26548.0,740.5,3,4
688,passed,39,26524.0,26524.0,431.0,7,3
689,failed,88,24465.5,25717.0,1251.5,6,8
690,passed,18,26524.5,26524.5,706.5,4,4
691,failed,39,24941.5,25972.5,1031.0,4,7
692,failed,48,24984.5,26041.0,1056.5,3,5
693,failed,48,24891.0,25977.5,1086.5,3,6
694,failed,23,24662.0,25773.0,1111.0,3,7
695,failed,10,23930.0,25000.0,1070.0,2,4
696,failed,27,24541.5,25711.5,1170.0,2,3
697,passed,34,26570.0,26570.0,221.0,3,2
698,failed,7,24023.5,25079.5,1056.0,1,6
699,passed,12,26625.5,26625.5,386.5,4,2
700,failed,24,23948.5,25000.0,1051.5,2,4
701,passed,36,26746.5,26746.5,304.0,4,3
702,failed,17,23996.0,25000.0,1004.0,2,5
703,passed,50,26737.5,26737.5,669.0,4,4
704,failed,14,23993.5,25184.5,1191.0,1,3
705,passed,32,26545.5,26545.5,508.5,3,6
706,failed,6,23905.0,25000.0,1095.0,1,4
707,failed,64,25336.5,26420.0,1083.5,4,6
708,passed,162,26606.0,26606.0,969.5,4,7
709,passed,47,26542.5,26542.5,483.5,4,3
710,passed,17,26671.0,26671.0,466.5,2,3
711,failed,6,24045.0,25182.0,1137.0,2,4
712,failed,27,24815.5,25846.5,1031.0,3,4
713,failed,26,24253.5,25382.0,1128.5,4,3
714,failed,35,24968.0,26156.0,1188.0,3,4
715,failed,92,25279.5,26400.5,1121.0,4,5
716,failed,16,25121.5,26127.0,1005.5,4,3
717,passed,31,26833.0,26833.0,505.5,4,4
718,failed,7,24413.0,25508.0,1095.0,1,4
719,passed,82,26593.0,26593.0,993.0,5,6
720,passed,48,27241.5,27241.5,988.0,4,3
721,failed,7,23973.5,25000.0,1026.5,1,5
722,passed,30,26594.0,26594.0,687.0,4,3
723,passed,31,26703.5,26703.5,452.0,4,4
724,passed,39,26532.5,26532.5,653.0,6,6
725,failed,19,23774.5,25000.0,1225.5,1,8
726,failed,34,24004.5,25336.0,1331.5,4,4
727,passed,78,26584.5,26584.5,651.5,5,4
728,failed,13,24278.0,25456.5,1178.5,3,4
729,failed,13,24125.0,25154.0,1029.0,1,5
730,passed,4,26646.0,26646.0,207.5,2,1
731,failed,31,24445.0,25454.0,1009.0,3,4
732,failed,28,24720.5,25800.0,1079.5,5,4
733,passed,30,26658.0,26658.0,928.0,3,6
734,failed,42,24703.0,25759.0,1056.0,2,6
735,failed,9,24962.0,26066.5,1104.5,4,4
736,failed,10,23912.5,25000.0,1087.5,1,4
737,failed,30,24371.0,25391.0,1020.0,3,5
738,failed,118,24652.5,25691.5,1039.0,5,9
739,failed,69,25206.0,26313.5,1107.5,3,5
740,failed,8,24313.0,25365.5,1052.5,2,6
741,passed,69,26591.0,26591.0,785.5,7,5
742,passed,12,26663.0,26663.0,585.0,5,2
743,passed,47,26545.0,26545.0,572.0,4,3
744,failed,7,23921.5,25000.0,1078.5,1,3
745,passed,57,26525.5,26525.5,849.5,5,4
746,failed,8,24302.0,25365.5,1063.5,2,6
747,passed,21,26643.0,26643.0,779.5,3,6
748,failed,42,25453.0,26457.0,1004.0,6,4
749,failed,74,24423.0,25830.5,1407.5,5,8
750,failed,58,24803.5,25925.0,1121.5,4,7
751,failed,30,24743.5,25838.0,1094.5,7,7
752,failed,5,23839.0,25000.0,1161.0,0,5
753,failed,14,23996.5,25145.5,1149.0,2,3
754,passed,41,26881.5,26881.5,853.0,7,4
755,passed,51,26843.0,26843.0,968.0,3,6
756,failed,41,24354.5,25397.5,1043.0,2,5
757,failed,33,25386.5,26421.0,1034.5,2,6
758,failed,13,24021.5,25174.0,1152.5,2,4
759,failed,25,24584.5,25781.0,1196.5,2,6
760,failed,47,24875.5,25921.0,1045.5,4,4
761,passed,32,26651.5,26651.5,568.0,3,4
762,failed,19,24425.5,25596.5,1171.0,5,6
763,failed,17,23729.5,25115.5,1386.0,3,4
764,passed,34,26751.5,26751.5,810.0,7,3
765,failed,19,24559.0,25570.0,1011.0,3,4
766,failed,42,24904.0,25975.5,1071.5,5,5
767,failed,33,24481.5,25660.5,1179.0,3,5
768,passed,53,26505.0,26505.0,875.0,3,3
769,failed,21,24515.5,25705.0,1189.5,3,5
770,passed,76,26610.5,26610.5,815.0,3,6
771,failed,39,24424.0,25434.5,1010.5,3,3
772,failed,47,24269.0,25319.5,1050.5,5,6
773,failed,65,24921.0,26081.0,1160.0,4,5
774,passed,53,26621.0,26621.0,924.0,7,6
775,passed,15,26829.0,26829.0,410.0,3,2
776,failed,77,25108.0,26181.5,1073.5,5,4
777,passed,17,26611.5,26611.5,729.5,4,3
778,failed,20,24457.0,25486.0,1029.0,3,5
779,passed,39,26726.5,26726.5,955.5,4,3
780,passed,57,26518.5,26518.5,645.0,4,4
781,passed,7,27226.5,27226.5,45.5,6,1
782,failed,81,25279.5,26461.5,1182.0,5,9
783,failed,16,24216.0,25273.5,1057.5,2,4
784,failed,32,25462.5,26495.0,1032.5,3,4
785,passed,82,26542.5,26542.5,689.5,3,9
786,failed,40,24905.0,25967.5,1062.5,3,5
787,failed,22,24697.0,25807.5,1110.5,3,5
788,failed,35,24991.5,26120.0,1128.5,3,7
789,passed,51,26717.0,26717.0,874.5,3,5
790,failed,54,24929.5,25946.0,1016.5,4,6
791,passed,57,26546.0,26546.0,410.0,3,6
792,failed,23,24359.0,25654.5,1295.5,4,5
793,failed,29,25136.0,26327.0,1191.0,3,6
794,passed,30,26898.0,26898.0,912.0,6,5
795,failed,14,24379.0,25445.0,1066.0,4,5
796,failed,41,25164.5,26302.5,1138.0,3,6
797,failed,39,24403.0,25432.5,1029.5,3,4
798,passed,29,26513.5,26513.5,416.5,3,3
799,passed,3,26670.5,26670.5,0.0,3,0
800,failed,16,24166.0,25276.0,1110.0,3,3
801,failed,50,24491.0,25689.5,1198.5,7,6
802,passed,27,26720.5,26720.5,465.5,5,3
803,failed,43,24946.5,26020.5,1074.0,6,5
804,failed,15,24555.0,25641.5,1086.5,6,5
805,passed,32,26766.0,26766.0,855.5,5,2
806,failed,19,23946.5,25127.5,1181.0,1,6
807,failed,32,24883.5,25973.0,1089.5,4,6
808,passed,19,26529.5,26529.5,350.0,5,3
809,passed,44,26702.0,26702.0,728.5,3,6
810,failed,45,24925.5,25926.5,1001.0,5,5
811,passed,25,26633.0,26633.0,504.0,7,2
812,failed,35,23921.0,25000.0,1079.0,4,5
813,passed,24,26660.5,26660.5,729.0,3,3
814,failed,26,24034.0,25145.5,1111.5,6,4
815,passed,22,27030.0,27030.0,340.0,4,2
816,failed,36,23966.5,25056.0,1089.5,2,7
817,passed,54,26574.0,26574.0,579.0,6,4
818,passed,59,26751.0,26751.0,834.5,4,3
819,failed,13,24074.0,25235.0,1161.0,2,5
820,failed,31,24172.0,25326.0,1154.0,3,4
821,failed,13,23778.5,25071.5,1293.0,2,3
822,failed,16,24709.0,25787.5,1078.5,2,6
823,passed,43,26520.0,26520.0,460.5,6,4
824,failed,27,24119.0,25254.5,1135.5,2,4
825,passed,40,26572.5,26572.5,870.5,4,6
826,failed,16,23869.0,25000.0,1131.0,1,8
827,failed,18,24053.0,25100.5,1047.5,2,4
828,failed,22,24280.5,25341.0,1060.5,4,5
829,failed,14,23896.0,25000.0,1104.0,1,4
830,failed,61,25005.0,26122.0,1117.0,5,7
831,failed,110,24101.0,25274.0,1173.0,4,5
832,failed,36,24133.5,25192.5,1059.0,2,4
833,failed,15,24550.5,25727.0,1176.5,3,4
834,failed,32,23888.5,25000.0,1111.5,2,9
835,passed,19,26559.0,26559.0,519.5,4,2
836,failed,13,24483.0,25487.0,1004.0,5,4
837,passed,59,26727.5,26727.5,852.0,4,5
838,passed,17,26554.5,26554.5,185.0,4,2
839,failed,29,24131.5,25183.0,1051.5,2,4
840,passed,86,26562.0,26562.0,902.0,6,7
841,failed,14,24465.5,25482.5,1017.0,2,3
842,failed,21,24109.0,25159.5,1050.5,2,5
843,failed,52,24976.0,26047.5,1071.5,6,6
844,failed,14,23925.5,25000.0,1074.5,1,3
845,passed,43,26898.0,26898.0,629.0,4,4
846,passed,23,26589.0,26589.0,389.0,5,5
847,passed,12,26720.5,26720.5,986.0,5,3
848,passed,39,26843.5,26843.5,987.0,6,7
849,passed,8,26573.0,26573.0,205.0,4,2
850,failed,32,24695.0,25823.5,1128.5,3,4
851,passed,46,26728.0,26728.0,442.5,4,3
852,failed,71,24842.5,25982.0,1139.5,6,5
853,passed,80,26640.0,26640.0,726.0,3,4
854,passed,27,26572.5,26572.5,326.5,7,3
855,failed,33,23932.5,25013.5,1081.0,4,7
856,failed,42,24952.0,26155.0,1203.0,3,5
857,failed,21,24776.5,25866.0,1089.5,3,5
858,passed,45,26507.5,26507.5,535.0,3,5
859,failed,35,24812.5,25932.5,1120.0,5,6
860,passed,123,26666.5,26666.5,991.0,5,5
861,failed,24,23691.5,25035.0,1343.5,1,5
862,passed,14,27687.5,27687.5,386.5,4,3
863,failed,51,24711.5,25873.5,1162.0,4,6
864,failed,10,24735.5,25758.5,1023.0,2,2
865,passed,30,26644.0,26644.0,635.5,8,2
866,failed,32,24303.5,25529.5,1226.0,3,5
867,passed,32,26564.0,26564.0,586.5,5,3
868,failed,30,24331.5,25429.0,1097.5,2,3
869,failed,16,24859.5,25893.0,1033.5,2,5
870,failed,14,24092.0,25148.0,1056.0,1,6
871,failed,44,25442.5,26468.0,1025.5,3,6
872,passed,120,26545.5,26545.5,993.0,7,10
873,passed,11,26551.0,26551.0,635.5,5,2
874,passed,37,26533.5,26533.5,715.0,5,5
875,failed,72,25289.5,26293.0,1003.5,3,6
876,failed,71,24143.5,25235.0,1091.5,3,5
877,failed,53,24551.0,25644.5,1093.5,9,6
878,failed,12,23943.0,25142.0,1199.0,2,6
879,failed,19,24602.5,25636.0,1033.5,5,3
880,failed,44,24316.5,25403.5,1087.0,5,6
881,passed,55,26516.0,26516.0,754.0,4,5
882,passed,64,26563.5,26563.5,986.0,4,6
883,passed,80,26599.0,26599.0,923.0,3,4
884,passed,27,26705.0,26705.0,645.0,3,4
885,failed,5,23971.0,25000.0,1029.0,0,5
886,failed,40,24717.5,25728.5,1011.0,2,8
887,failed,45,24930.0,26073.0,1143.0,2,5
888,passed,119,26654.5,26654.5,877.5,4,4
889,failed,40,24231.5,25343.0,1111.5,3,6
890,passed,24,26697.5,26697.5,236.5,6,6
891,passed,72,26575.0,26575.0,812.0,4,7
892,passed,48,26501.0,26501.0,711.5,10,4
893,failed,8,23866.5,25037.5,1171.0,1,5
894,failed,8,23957.0,25000.0,1043.0,1,2
895,passed,50,26528.0,26528.0,762.5,5,4
896,failed,24,24539.5,25677.5,1138.0,3,3
897,failed,10,24235.5,25400.0,1164.5,3,4
898,failed,77,25344.5,26493.5,1149.0,5,6
899,passed,62,26863.5,26863.5,913.0,4,4
900,passed,55,26508.5,26508.5,778.0,5,3
901,passed,29,26555.5,26555.5,894.0,5,4
902,failed,49,24916.0,25956.0,1040.0,7,4
903,failed,51,25109.5,26174.5,1065.0,5,4
904,failed,14,24445.5,25501.5,1056.0,2,6
905,failed,23,24490.5,25600.5,1110.0,3,4
906,passed,11,26619.5,26619.5,519.5,3,2
907,failed,27,25366.5,26411.0,1044.5,5,6
908,passed,80,26559.0,26559.0,842.0,6,4
909,passed,29,26535.0,26535.0,235.0,4,2
910,failed,21,24255.0,25258.0,1003.0,3,5
911,passed,33,26804.5,26804.5,810.5,4,3
912,failed,54,24366.0,25422.0,1056.0,3,5
913,passed,5,26784.0,26784.0,257.5,3,1
914,passed,37,26693.0,26693.0,289.0,8,2
915,passed,74,26537.5,26537.5,645.0,4,6
916,failed,87,24425.5,25851.0,1425.5,5,6
917,failed,25,24446.0,25455.5,1009.5,3,7
918,failed,13,23933.5,25016.0,1082.5,1,4
919,passed,23,26576.5,26576.5,229.5,7,2
920,failed,30,23982.0,25000.0,1018.0,2,6
921,failed,25,24759.0,25859.0,1100.0,4,4
922,passed,41,26759.0,26759.0,503.0,4,5
923,passed,61,26507.5,26507.5,863.5,5,12
924,failed,29,24169.0,25316.5,1147.5,5,6
925,failed,36,25365.0,26408.0,1043.0,5,5
926,passed,37,26587.5,26587.5,839.5,5,6
927,failed,5,24181.0,25309.5,1128.5,1,3
928,failed,9,24450.5,25579.5,1129.0,1,8
929,passed,53,26515.0,26515.0,576.0,2,3
930,passed,59,26578.0,26578.0,635.5,4,9
931,passed,89,26663.5,26663.5,726.5,4,5
932,failed,37,24298.0,25350.5,1052.5,4,3
933,failed,28,24981.5,26028.0,1046.5,4,5
934,passed,24,26573.0,26573.0,523.0,4,2
935,failed,16,24075.5,25196.5,1121.0,1,4
936,failed,7,23997.0,25000.0,1003.0,1,5
937,passed,50,26563.5,26563.5,489.5,5,4
938,passed,43,26605.5,26605.5,868.5,5,5
939,failed,30,24176.5,25197.0,1020.5,3,11
940,passed,17,26508.5,26508.5,585.0,4,2
941,failed,14,24197.0,25279.0,1082.0,2,3
942,failed,14,24126.5,25146.0,1019.5,2,4
943,failed,29,24586.5,25671.5,1085.0,3,3
944,failed,20,24651.0,25791.0,1140.0,3,6
945,passed,51,26574.0,26574.0,415.5,4,5
946,failed,25,24150.0,25306.5,1156.5,4,6
947,failed,85,24983.0,26028.5,1045.5,6,5
948,passed,18,26646.0,26646.0,238.5,3,2
949,failed,22,24417.0,25617.5,1200.5,3,7
950,passed,33,26509.0,26509.0,687.5,5,3
951,passed,43,26748.5,26748.5,227.0,4,4
952,failed,13,24177.5,25290.0,1112.5,2,4
953,failed,37,23962.5,25268.5,1306.0,3,6
954,passed,43,26703.0,26703.0,580.0,5,3
955,failed,18,24237.0,25369.5,1132.5,3,5
956,passed,70,26863.5,26863.5,505.5,4,5
957,failed,37,24312.5,25312.5,1000.0,2,7
958,failed,45,24861.5,25888.5,1027.0,6,4
959,passed,18,26621.5,26621.5,635.5,3,2
960,passed,34,26543.0,26543.0,737.0,6,5
961,passed,25,26626.0,26626.0,272.0,3,4
962,failed,29,24760.5,25991.0,1230.5,3,5
963,failed,23,23908.0,25083.0,1175.0,1,6
964,failed,27,24321.5,25399.5,1078.0,3,3
965,passed,8,26791.0,26791.0,556.5,3,2
966,failed,33,24519.5,25602.0,1082.5,2,3
967,failed,18,24429.0,25664.0,1235.0,4,4
968,failed,51,24776.0,25780.0,1004.0,3,3
969,passed,53,26503.5,26503.5,913.0,5,5
970,passed,43,26842.5,26842.5,989.0,6,5
971,failed,45,24115.5,25272.5,1157.0,4,8
972,failed,33,24760.5,25803.5,1043.0,4,6
973,passed,68,26629.0,26629.0,996.0,4,6
974,passed,44,26626.5,26626.5,592.5,3,4
975,failed,8,23975.0,25150.5,1175.5,1,5
976,failed,26,24887.0,25900.5,1013.5,7,7
977,failed,9,24474.5,25582.5,1108.0,1,4
978,failed,6,23851.0,25000.0,1149.0,0,6
979,failed,34,24944.0,26109.5,1165.5,4,8
980,failed,65,24807.5,25972.5,1165.0,5,6
981,failed,21,24922.5,26062.5,1140.0,4,6
982,failed,11,24011.0,25076.5,1065.5,1,5
983,passed,37,26564.5,26564.5,778.0,5,3
984,failed,20,25113.0,26250.0,1137.0,3,4
985,passed,75,26553.5,26553.5,524.5,7,3
986,passed,32,26878.5,26878.5,666.5,3,3
987,passed,9,26506.5,26506.5,215.5,3,3
988,passed,22,26690.0,26690.0,341.5,5,2
989,passed,14,26537.0,26537.0,148.5,5,1
990,failed,29,24520.0,25702.5,1182.5,3,5
991,failed,11,24334.0,25480.0,1146.0,2,5
992,failed,5,23839.0,25000.0,1161.0,0,5
993,failed,24,24769.0,25804.0,1035.0,2,5
994,failed,7,23918.0,25000.0,1082.0,1,3
995,failed,15,24172.5,25226.5,1054.0,2,2
996,passed,53,26732.0,26732.0,737.0,3,3
997,passed,29,26570.0,26570.0,894.0,5,4
998,passed,31,26758.0,26758.0,461.0,4,3
999,passed,77,26654.0,26654.0,624.5,5,7
1000,passed,37,26730.5,26730.5,890.5,8,5
1001,failed,30,24253.5,25399.5,1146.0,3,5
1002,passed,17,26640.5,26640.5,178.0,2,1
1003,failed,10,24175.0,25183.0,1008.0,2,3
1004,failed,5,24058.0,25062.0,1004.0,1,4
1005,passed,22,26599.5,26599.5,756.0,4,4
1006,passed,36,26563.5,26563.5,984.5,3,7
1007,failed,71,24942.5,25965.5,1023.0,6,7
1008,failed,10,24208.0,25330.5,1122.5,3,6
1009,failed,45,25189.5,26302.5,1113.0,5,4
1010,failed,37,25072.5,26351.5,1279.0,5,5
1011,failed,73,25025.0,26058.0,1033.0,5,4
1012,failed,28,24226.0,25266.5,1040.5,2,6
1013,failed,23,24209.0,25223.5,1014.5,3,6
1014,passed,66,26678.0,26678.0,758.0,4,4
1015,passed,27,26617.0,26617.0,645.0,5,2
1016,passed,122,26616.0,26616.0,832.5,4,6
1017,failed,6,23860.0,25000.0,1140.0,0,6
1018,passed,10,26761.0,26761.0,285.5,3,2
1019,passed,8,26599.5,26599.5,398.0,4,2
1020,failed,25,23872.5,25057.0,1184.5,2,5
1021,failed,6,23905.0,25000.0,1095.0,1,4
1022,passed,39,26632.0,26632.0,507.5,4,4
1023,failed,14,23972.0,25000.0,1028.0,2,4
1024,failed,30,25028.0,26057.0,1029.0,4,7
1025,passed,34,26788.5,26788.5,436.0,5,4
1026,failed,11,23958.5,25054.0,1095.5,2,5
1027,passed,25,26599.0,26599.0,814.0,3,3
1028,failed,21,24594.5,25605.0,1010.5,6,4
1029,failed,42,24949.0,25967.0,1018.0,4,5
1030,failed,21,24223.0,25401.5,1178.5,4,4
1031,failed,23,24011.5,25131.0,1119.5,2,3
1032,failed,68,24679.0,25789.5,1110.5,3,5
1033,failed,5,23839.0,25000.0,1161.0,0,5
1034,failed,44,24497.5,25501.5,1004.0,3,5
1035,passed,45,26928.5,26928.5,452.0,5,3
1036,passed,16,26568.0,26568.0,417.5,3,2
1037,failed,41,24314.0,25374.5,1060.5,6,7
1038,failed,16,24550.0,25583.0,1033.0,2,4
1039,failed,25,24134.0,25144.5,1010.5,3,5
1040,passed,35,26623.0,26623.0,896.5,3,2
1041,failed,47,25187.5,26282.0,1094.5,3,5
1042,passed,56,26929.0,26929.0,689.0,5,4
1043,failed,77,24902.0,26127.5,1225.5,4,5
1044,failed,40,24922.5,25942.0,1019.5,3,4
1045,failed,8,24431.0,25491.5,1060.5,1,5
1046,passed,51,26798.0,26798.0,583.5,5,3
1047,failed,21,24562.5,25696.5,1134.0,3,4
1048,passed,40,26502.5,26502.5,812.0,3,4
1049,failed,41,24833.5,25901.5,1068.0,4,4
1050,passed,53,26638.0,26638.0,468.0,4,4
1051,failed,24,24044.0,25082.0,1038.0,3,6
1052,passed,39,26654.0,26654.0,418.0,4,4
1053,failed,50,25393.0,26475.0,1082.0,4,5
1054,failed,72,25267.0,26379.0,1112.0,3,5
1055,passed,11,26610.0,26610.0,386.5,5,2
1056,failed,45,24856.0,25921.5,1065.5,2,4
1057,passed,13,26500.5,26500.5,635.5,4,2
1058,passed,20,26543.5,26543.5,510.5,3,3
1059,passed,31,26540.5,26540.5,547.5,3,6
1060,passed,52,26608.0,26608.0,724.5,3,3
1061,failed,49,25085.0,26230.0,1145.0,3,6
1062,passed,45,26517.5,26517.5,564.5,6,3
1063,passed,68,26806.5,26806.5,582.5,7,6
1064,passed,32,26512.0,26512.0,880.0,5,3
1065,failed,31,24567.5,25609.0,1041.5,3,3
1066,failed,7,24147.5,25296.5,1149.0,1,6
1067,failed,63,25262.5,26289.0,1026.5,5,5
1068,passed,27,27319.5,27319.5,434.5,6,2
1069,failed,18,23924.5,25000.0,1075.5,1,9
1070,failed,4,24398.0,25526.5,1128.5,1,3
1071,failed,26,25229.0,26230.0,1001.0,3,5
1072,failed,70,25406.0,26434.5,1028.5,9,4
1073,failed,23,24237.5,25456.5,1219.0,5,6
1074,passed,30,26867.5,26867.5,976.0,5,5
1075,failed,26,24986.0,26005.5,1019.5,4,5
1076,failed,72,25033.0,26082.5,1049.5,5,5
1077,passed,106,26519.5,26519.5,817.0,6,3
1078,failed,44,23962.5,25067.0,1104.5,3,6
1079,passed,37,26513.0,26513.0,554.0,3,4
1080,passed,32,26506.0,26506.0,361.5,6,2
1081,failed,18,24176.5,25396.0,1219.5,2,5
1082,failed,10,24007.0,25015.5,1008.5,1,6
1083,passed,46,26612.0,26612.0,332.5,6,3
1084,passed,29,27104.0,27104.0,361.5,4,3
1085,failed,41,24982.0,26131.0,1149.0,4,6
1086,passed,13,26511.5,26511.5,109.0,4,1
1087,failed,63,24925.5,26074.5,1149.0,6,6
1088,passed,49,26858.5,26858.5,635.5,6,6
1089,failed,51,24549.0,25662.0,1113.0,5,4
1090,failed,31,24660.0,25921.0,1261.0,5,5
1091,passed,27,26567.5,26567.5,282.0,3,4
1092,failed,10,24544.0,25671.0,1127.0,3,5
1093,failed,39,24860.0,26046.5,1186.5,4,5
1094,passed,25,26583.5,26583.5,709.5,4,2
1095,failed,12,23765.5,25000.0,1234.5,2,3
1096,failed,13,24440.0,25444.0,1004.0,3,4
1097,failed,25,23862.5,25000.0,1137.5,3,6
1098,failed,50,24388.0,25400.5,1012.5,4,11
1099,failed,8,24147.0,25183.0,1036.0,2,4
1100,passed,24,26533.5,26533.5,645.0,3,4
1101,passed,57,26543.5,26543.5,401.5,5,4
1102,failed,36,24909.5,26016.0,1106.5,6,3
1103,passed,28,26501.5,26501.5,667.5,5,4
1104,failed,47,25420.0,26489.5,1069.5,6,4
1105,passed,43,26560.0,26560.0,595.5,4,3
1106,failed,81,24832.5,26057.0,1224.5,7,7
1107,failed,26,24073.5,25079.5,1006.0,2,6
1108,passed,51,26756.0,26756.0,840.0,5,5
1109,failed,60,25178.5,26182.5,1004.0,4,6
1110,failed,19,23976.0,25096.0,1120.0,3,7
1111,passed,14,26623.5,26623.5,236.5,5,1
1112,passed,27,26582.0,26582.0,729.0,4,4
1113,failed,56,24489.5,25493.5,1004.0,4,6
1114,failed,35,25183.0,26311.5,1128.5,5,9
1115,failed,52,24415.0,25657.5,1242.5,5,7
1116,passed,70,26587.5,26587.5,858.0,4,8
1117,passed,4,26646.0,26646.0,207.5,2,1
1118,failed,57,24050.5,25059.0,1008.5,5,5
1119,passed,36,26611.0,26611.0,342.0,5,3
1120,failed,16,23918.5,25000.0,1081.5,2,4
1121,passed,38,27250.0,27250.0,634.5,3,8
1122,failed,17,23822.0,25000.0,1178.0,1,6
1123,failed,20,24283.5,25412.0,1128.5,1,3
1124,passed,48,26674.5,26674.5,530.0,6,5
1125,failed,17,23921.5,25000.0,1078.5,2,2
1126,failed,16,24321.5,25352.5,1031.0,2,3
1127,failed,16,24487.0,25565.5,1078.5,3,3
1128,failed,51,25415.5,26436.0,1020.5,4,3
1129,failed,52,24647.0,25682.5,1035.5,3,6
1130,failed,28,24363.5,25367.5,1004.0,3,10
1131,failed,12,23879.0,25000.0,1121.0,1,6
1132,failed,46,24903.5,25945.0,1041.5,4,7
1133,failed,37,24549.5,25657.0,1107.5,7,7
1134,failed,6,24123.0,25301.5,1178.5,2,4
1135,passed,11,27003.5,27003.5,342.0,6,3
1136,failed,23,23975.0,25000.0,1025.0,2,6
1137,failed,39,24910.5,26047.5,1137.0,4,4
1138,passed,17,26559.5,26559.5,185.5,3,4
1139,failed,39,24567.0,25684.5,1117.5,3,5
1140,failed,16,23901.0,25000.0,1099.0,2,4
1141,passed,46,26513.0,26513.0,556.5,4,4
1142,failed,23,24090.5,25301.0,1210.5,6,7
1143,failed,8,24555.0,25573.5,1018.5,2,3
1144,failed,48,25262.5,26348.0,1085.5,5,6
1145,failed,34,25033.5,26107.0,1073.5,3,5
1146,passed,40,26669.0,26669.0,992.0,3,3
1147,failed,26,24491.0,25530.5,1039.5,3,6
1148,passed,78,26619.0,26619.0,736.0,7,6
1149,passed,26,26527.0,26527.0,259.0,4,2
1150,failed,51,24837.5,25843.0,1005.5,3,3
1151,failed,26,24099.5,25209.5,1110.0,2,5
1152,failed,89,24674.0,25716.0,1042.0,3,5
1153,passed,16,26701.0,26701.0,285.5,4,2
1154,failed,58,24704.5,25712.0,1007.5,3,7
1155,passed,148,27285.5,27285.5,886.0,4,7
1156,passed,36,26531.5,26531.5,720.0,5,4
1157,passed,39,26862.0,26862.0,333.5,4,4
1158,passed,60,26531.0,26531.0,660.0,3,4
1159,failed,50,24990.5,26080.0,1089.5,4,5
1160,passed,46,26585.0,26585.0,820.0,3,5
1161,passed,21,26623.5,26623.5,489.5,4,4
1162,failed,18,24373.0,25498.0,1125.0,1,4
1163,failed,52,25022.0,26154.0,1132.0,4,3
1164,failed,13,24244.5,25350.5,1106.0,5,5
1165,passed,58,26958.0,26958.0,753.0,4,4
1166,passed,23,26529.0,26529.0,618.0,3,4
1167,failed,28,23919.5,25000.0,1080.5,3,5
1168,passed,38,26581.0,26581.0,504.0,7,5
1169,failed,25,24087.0,25145.0,1058.0,3,3
1170,passed,16,26719.5,26719.5,425.0,6,2
1171,passed,34,26688.0,26688.0,442.5,5,4
1172,failed,20,24345.0,25440.0,1095.0,2,4
1173,passed,33,26791.5,26791.5,564.5,3,3
1174,passed,37,26656.0,26656.0,350.0,7,5
1175,passed,51,26512.0,26512.0,434.5,4,3
1176,failed,9,23979.0,25081.5,1102.5,1,6
1177,passed,31,26998.5,26998.5,676.0,5,4
1178,failed,44,25008.0,26037.5,1029.5,3,3
1179,passed,25,26633.5,26633.5,551.0,4,3
1180,failed,43,25378.5,26381.0,1002.5,4,5
1181,failed,18,24156.0,25167.0,1011.0,2,4
1182,passed,13,26514.0,26514.0,350.0,3,3
1183,failed,53,25038.0,26039.5,1001.5,4,4
1184,failed,25,23905.5,25138.5,1233.0,2,7
1185,failed,6,23920.5,25000.0,1079.5,1,3
1186,passed,2,27650.0,27650.0,0.0,2,0
1187,failed,24,24857.5,25872.5,1015.0,5,4
1188,passed,22,26809.5,26809.5,326.0,3,2
1189,passed,52,26605.5,26605.5,945.0,4,5
1190,passed,21,26695.5,26695.5,643.0,3,3
1191,failed,6,24660.5,25789.0,1128.5,1,3
1192,failed,52,24221.5,25245.0,1023.5,4,7
1193,failed,42,24930.0,25949.0,1019.0,3,3
1194,failed,22,25233.5,26311.0,1077.5,3,6
1195,failed,37,23974.5,25055.5,1081.0,4,5
1196,passed,55,26586.5,26586.5,809.0,6,6
1197,failed,38,24684.0,25780.5,1096.5,3,3
1198,failed,36,24020.5,25105.5,1085.0,4,6
1199,failed,79,24248.0,25309.0,1061.0,5,5
1200,passed,50,26619.0,26619.0,795.5,4,7
1201,passed,39,26565.0,26565.0,887.0,4,3
1202,failed,42,23919.0,25195.5,1276.5,3,3
1203,failed,7,24530.0,25534.0,1004.0,3,4
1204,passed,35,26632.5,26632.5,837.0,3,4
1205,passed,62,26571.0,26571.0,645.5,5,4
1206,failed,17,24771.0,25842.0,1071.0,3,3
1207,passed,20,27083.0,27083.0,396.0,3,2
1208,failed,31,23827.5,25000.0,1172.5,3,4
1209,failed,36,24918.5,25994.0,1075.5,3,4
1210,failed,52,24594.5,25649.0,1054.5,3,9
1211,passed,29,26516.0,26516.0,460.0,3,3
1212,failed,14,24435.5,25633.0,1197.5,4,3
1213,failed,68,25012.0,26158.5,1146.5,3,5
1214,passed,20,26506.5,26506.5,198.5,7,3
1215,passed,36,26759.5,26759.5,853.0,3,2
1216,passed,47,26748.0,26748.0,771.5,4,4
1217,passed,45,26598.0,26598.0,711.5,4,5
1218,failed,26,24136.0,25352.5,1216.5,4,5
1219,failed,45,25014.0,26251.0,1237.0,5,5
1220,failed,25,24751.0,26069.5,1318.5,4,3
1221,passed,35,26715.0,26715.0,625.0,4,3
1222,failed,44,24253.0,25381.5,1128.5,3,7
1223,failed,10,23878.0,25000.0,1122.0,2,3
1224,failed,53,24640.5,25671.5,1031.0,3,7
1225,failed,38,24172.5,25244.5,1072.0,7,10
1226,failed,71,24765.5,25844.0,1078.5,3,4
1227,passed,33,26688.0,26688.0,557.0,3,4
1228,passed,8,26632.0,26632.0,386.5,4,2
1229,failed,52,25077.0,26157.0,1080.0,3,5
1230,passed,44,27476.0,27476.0,515.0,6,6
1231,failed,14,23919.5,25014.5,1095.0,2,4
1232,passed,6,26742.0,26742.0,257.5,3,1
1233,failed,12,23882.0,25000.0,1118.0,1,4
1234,failed,16,23933.5,25106.5,1173.0,1,6
1235,passed,9,26525.0,26525.0,205.0,6,1
1236,passed,34,26722.5,26722.5,563.0,3,2
1237,failed,25,24211.5,25285.5,1074.0,2,4
1238,passed,22,26598.0,26598.0,151.5,5,4
1239,failed,6,23899.0,25060.0,1161.0,1,5
1240,failed,6,24264.5,25268.5,1004.0,2,4
1241,failed,12,24530.0,25684.0,1154.0,3,4
1242,failed,54,24469.0,25558.5,1089.5,3,4
1243,passed,19,26580.5,26580.5,386.5,5,2
1244,failed,22,23946.5,25134.5,1188.0,1,3
1245,passed,14,26661.0,26661.0,254.0,4,3
1246,failed,5,23839.0,25000.0,1161.0,0,5
1247,passed,57,26538.0,26538.0,932.0,6,5
1248,passed,10,26618.5,26618.5,564.5,6,2
1249,passed,32,26671.5,26671.5,981.0,6,7
1250,failed,26,23971.0,25000.0,1029.0,4,9
1251,failed,23,23953.0,25028.0,1075.0,1,5
1252,failed,89,24527.5,25772.0,1244.5,4,6
1253,passed,40,26837.5,26837.5,304.0,5,6
1254,failed,51,24297.5,25524.0,1226.5,4,5
1255,failed,19,24341.0,25345.0,1004.0,3,5
1256,passed,34,26787.0,26787.0,442.5,4,4
1257,failed,8,24702.5,25768.0,1065.5,3,5
1258,failed,76,25375.0,26481.0,1106.0,4,9
1259,failed,18,24393.5,25633.0,1239.5,2,5
1260,passed,12,26721.0,26721.0,236.5,2,1
1261,failed,10,23820.0,25000.0,1180.0,1,6
1262,passed,70,26519.0,26519.0,960.0,4,6
1263,passed,37,26648.0,26648.0,886.0,8,7
1264,failed,12,23982.0,25106.0,1124.0,2,5
1265,failed,52,24705.0,25840.0,1135.0,3,5
1266,passed,37,26520.5,26520.5,666.0,5,4
1267,passed,2,27650.0,27650.0,0.0,2,0
1268,passed,30,26866.0,26866.0,285.5,4,2
1269,passed,9,26667.0,26667.0,205.0,4,1
1270,passed,21,26500.5,26500.5,205.5,4,2
1271,passed,49,26988.5,26988.5,988.0,7,4
1272,passed,18,26563.0,26563.0,442.5,4,4
1273,passed,93,26512.0,26512.0,902.0,3,4
1274,passed,27,26509.0,26509.0,714.5,6,3
1275,failed,47,24598.0,25697.0,1099.0,7,8
1276,failed,19,24114.0,25145.5,1031.5,3,3
1277,passed,23,26513.0,26513.0,647.0,4,3
1278,passed,32,26571.0,26571.0,446.5,3,3
1279,passed,56,26761.0,26761.0,517.5,6,5
1280,passed,64,26533.5,26533.5,853.0,6,4
1281,passed,71,26695.5,26695.5,846.0,4,4
1282,failed,46,25395.0,26497.5,1102.5,6,7
1283,passed,32,26748.5,26748.5,822.5,5,4
1284,failed,30,24582.5,25661.5,1079.0,2,5
1285,passed,19,26506.0,26506.0,283.5,8,3
1286,failed,76,25000.5,26147.0,1146.5,4,7
1287,passed,7,26765.0,26765.0,217.0,3,1
1288,failed,65,25443.5,26464.5,1021.0,8,6
1289,failed,33,25120.0,26142.0,1022.0,2,11
1290,failed,29,25095.5,26100.5,1005.0,5,5
1291,failed,15,24669.5,25751.5,1082.0,6,4
1292,failed,39,24004.5,25167.5,1163.0,3,5
1293,failed,22,24904.5,25967.5,1063.0,2,5
1294,failed,64,24649.0,25683.0,1034.0,2,6
1295,passed,36,26568.0,26568.0,323.0,3,3
1296,failed,27,24480.5,25558.0,1077.5,4,5
1297,failed,58,25010.0,26081.0,1071.0,3,6
1298,failed,24,24651.0,25662.0,1011.0,5,7
1299,failed,63,25007.0,26188.5,1181.5,5,4
1300,failed,37,25073.5,26138.0,1064.5,4,6
1301,failed,14,24043.0,25058.0,1015.0,2,4
1302,failed,21,24488.0,25502.5,1014.5,1,10
1303,failed,13,23852.5,25000.0,1147.5,1,3
1304,failed,33,24223.5,25422.5,1199.0,3,7
1305,passed,21,26501.0,26501.0,410.0,4,3
1306,passed,11,26753.5,26753.5,45.5,3,1
1307,failed,21,24449.5,25586.0,1136.5,3,3
1308,failed,18,24348.0,25369.5,1021.5,3,7
1309,failed,6,24243.0,25272.0,1029.0,1,5
1310,failed,43,24203.0,25301.5,1098.5,3,4
1311,passed,45,26514.0,26514.0,659.0,4,5
1312,failed,39,24679.5,25710.5,1031.0,6,8
1313,failed,34,24849.0,25949.5,1100.5,4,4
1314,passed,59,26506.0,26506.0,905.5,9,5
1315,passed,34,26559.5,26559.5,467.5,5,3
1316,failed,7,25133.0,26261.5,1128.5,2,3
1317,passed,47,26555.5,26555.5,364.0,3,4
1318,passed,66,26784.0,26784.0,954.0,4,5
1319,failed,25,23981.5,25026.5,1045.0,3,5
1320,failed,38,24994.5,26016.0,1021.5,3,4
1321,passed,33,26519.5,26519.5,628.5,4,6
1322,failed,45,24751.5,25833.0,1081.5,4,4
1323,passed,56,26583.5,26583.5,701.5,4,3
1324,failed,27,25211.0,26222.0,1011.0,3,6
1325,passed,72,26637.0,26637.0,524.0,6,5
1326,failed,16,24038.5,25216.5,1178.0,3,5
1327,failed,7,24138.0,25217.5,1079.5,1,3
1328,failed,54,25191.0,26198.0,1007.0,4,11
1329,failed,50,24338.0,25613.0,1275.0,3,5
1330,failed,38,24329.5,25405.5,1076.0,3,3
1331,failed,26,24537.0,25627.0,1090.0,4,3
1332,passed,34,26576.5,26576.5,442.5,5,3
1333,passed,9,26506.5,26506.5,246.0,3,2
1334,passed,17,26518.5,26518.5,853.0,3,2
1335,passed,11,26637.0,26637.0,61.0,4,1
1336,passed,30,26521.0,26521.0,354.5,4,3
1337,failed,37,24943.5,25951.5,1008.0,7,4
1338,failed,45,23950.0,25001.5,1051.5,5,7
1339,failed,36,25301.5,26324.5,1023.0,3,9
1340,failed,48,24935.5,26064.0,1128.5,6,5
1341,failed,44,24217.0,25264.5,1047.5,3,4
1342,passed,44,26689.0,26689.0,687.0,7,6
1343,failed,22,24039.5,25107.0,1067.5,6,4
1344,passed,26,27469.0,27469.0,678.5,4,5
1345,passed,36,26606.5,26606.5,686.5,3,4
1346,passed,73,26539.5,26539.5,870.5,4,6
1347,passed,33,26574.0,26574.0,648.5,8,2
1348,passed,36,26748.5,26748.5,870.5,9,4
1349,passed,26,26582.0,26582.0,329.0,2,5
1350,failed,43,24141.5,25336.0,1194.5,4,6
1351,passed,32,26555.5,26555.5,986.0,3,3
1352,failed,45,24659.5,25728.5,1069.0,6,8
1353,failed,47,25311.5,26341.5,1030.0,6,10
1354,failed,78,25250.0,26387.0,1137.0,7,5
1355,passed,21,26693.5,26693.5,285.5,5,2
1356,passed,16,26712.5,26712.5,450.5,4,3
1357,failed,15,24472.0,25481.5,1009.5,2,4
1358,passed,26,26640.5,26640.5,927.0,3,5
1359,passed,7,26616.0,26616.0,148.5,5,1
1360,passed,58,26627.0,26627.0,429.5,4,4
1361,failed,75,24450.0,25456.5,1006.5,6,7
1362,failed,14,24590.0,25629.0,1039.0,2,4
1363,passed,55,26561.0,26561.0,645.0,6,4
1364,failed,17,24362.5,25385.0,1022.5,3,4
1365,passed,45,26645.0,26645.0,667.5,5,4
1366,passed,17,26878.0,26878.0,415.5,4,3
1367,failed,51,24218.0,25333.5,1115.5,5,8
1368,failed,20,23735.0,25000.0,1265.0,3,4
1369,failed,39,24468.0,25611.5,1143.5,3,5
1370,passed,40,26582.5,26582.5,342.0,3,3
1371,failed,35,24687.0,25743.0,1056.0,11,6
1372,failed,63,25317.0,26466.0,1149.0,4,6
1373,failed,39,24034.0,25034.0,1000.0,4,5
1374,failed,28,23971.5,25116.5,1145.0,5,4
1375,failed,45,23855.5,25175.5,1320.0,3,4
1376,passed,22,26621.0,26621.0,188.0,3,4
1377,failed,30,25128.5,26333.5,1205.0,3,5
1378,passed,13,26560.5,26560.5,268.0,3,2
1379,failed,16,24080.5,25175.5,1095.0,3,3
1380,failed,21,23980.5,25219.5,1239.0,3,3
1381,failed,35,24784.5,25831.5,1047.0,5,4
1382,passed,25,26820.0,26820.0,507.5,6,4
1383,failed,35,25090.0,26175.5,1085.5,2,6
1384,passed,166,26508.5,26508.5,924.0,6,5
1385,failed,7,24034.0,25119.5,1085.5,1,6
1386,failed,34,23930.5,25114.5,1184.0,3,9
1387,failed,9,24337.0,25550.0,1213.0,2,5
1388,failed,57,24527.0,25685.0,1158.0,3,4
1389,failed,38,24008.5,25147.0,1138.5,4,10
1390,failed,13,24848.5,26002.5,1154.0,6,7
1391,failed,33,24530.5,25725.5,1195.0,5,6
1392,failed,17,24658.0,25863.5,1205.5,8,5
1393,failed,25,24098.5,25213.5,1115.0,3,4
1394,failed,45,24076.5,25082.0,1005.5,2,8
1395,passed,110,26587.5,26587.5,680.0,3,6
1396,passed,41,26735.5,26735.5,635.0,5,4
1397,passed,8,26532.5,26532.5,37.0,4,1
1398,passed,59,26507.0,26507.0,803.0,6,5
1399,failed,21,25109.5,26212.0,1102.5,3,3
1400,failed,68,25085.5,26255.5,1170.0,3,5
1401,failed,37,24410.5,25496.0,1085.5,3,5
1402,failed,16,24494.0,25643.0,1149.0,2,4
1403,failed,33,24605.0,25841.5,1236.5,3,4
1404,passed,16,26501.5,26501.5,50.5,6,2
1405,passed,65,26615.5,26615.5,853.0,4,5
1406,failed,5,24027.5,25164.5,1137.0,1,4
1407,failed,38,23930.0,25000.0,1070.0,2,5
1408,passed,9,27777.0,27777.0,181.0,2,4
1409,passed,47,26731.0,26731.0,929.0,3,9
1410,failed,6,23920.5,25000.0,1079.5,1,3
1411,failed,56,25356.5,26407.0,1050.5,3,6
1412,failed,10,24359.0,25407.0,1048.0,1,5
1413,failed,8,24250.5,25326.0,1075.5,2,6
1414,failed,64,25150.0,26174.0,1024.0,3,4
1415,passed,34,26506.0,26506.0,329.5,2,3
1416,failed,15,24565.0,25861.0,1296.0,2,3
1417,failed,24,23959.5,25032.0,1072.5,1,7
1418,failed,23,24301.5,25309.0,1007.5,5,2
1419,passed,24,26613.5,26613.5,317.0,4,3
1420,failed,14,23921.5,25000.0,1078.5,2,5
1421,failed,56,24977.0,26086.5,1109.5,4,5
1422,passed,101,26745.0,26745.0,967.0,6,6
1423,passed,15,26750.5,26750.5,399.0,5,2
1424,failed,11,24356.5,25396.0,1039.5,3,4
1425,failed,78,24849.0,26025.0,1176.0,4,6
1426,failed,45,24616.0,25651.5,1035.5,4,7
1427,failed,14,24482.0,25534.0,1052.0,2,4
1428,passed,44,26567.0,26567.0,992.5,5,4
1429,passed,33,26908.0,26908.0,624.5,3,6
1430,passed,43,26617.0,26617.0,504.0,3,5
1431,failed,20,24161.5,25170.0,1008.5,2,7
1432,passed,72,26997.0,26997.0,916.0,4,4
1433,failed,88,25116.5,26151.5,1035.0,5,6
1434,failed,8,24313.0,25473.0,1160.0,3,4
1435,passed,39,26677.5,26677.5,570.5,7,3
1436,passed,167,26826.5,26826.5,986.5,7,6
1437,failed,9,24200.5,25230.0,1029.5,3,5
1438,passed,49,27195.5,27195.5,955.5,4,6
1439,passed,73,26562.5,26562.5,865.0,4,8
1440,failed,12,24722.5,25758.5,1036.0,2,4
1441,failed,23,24735.5,25816.5,1081.0,2,7
1442,passed,23,26536.5,26536.5,417.5,3,4
1443,failed,25,24283.5,25297.5,1014.0,6,4
1444,failed,33,24710.0,25802.0,1092.0,3,4
1445,failed,28,24173.5,25287.5,1114.0,5,3
1446,failed,39,24278.0,25391.0,1113.0,2,4
1447,failed,32,24384.5,25389.0,1004.5,3,11
1448,passed,29,26876.0,26876.0,255.0,5,2
1449,passed,7,27226.5,27226.5,45.5,6,1
1450,failed,23,25058.0,26115.5,1057.5,6,4
1451,failed,50,24743.5,25872.0,1128.5,4,8
1452,passed,35,26547.0,26547.0,759.5,3,2
1453,passed,80,26516.0,26516.0,719.5,6,4
1454,failed,42,25269.5,26282.0,1012.5,4,7
1455,failed,20,24159.5,25288.0,1128.5,1,3
1456,failed,9,25359.5,26489.5,1130.0,3,4
1457,passed,23,26503.5,26503.5,559.5,6,2
1458,failed,31,24589.0,25646.5,1057.5,3,5
1459,failed,14,24504.0,25653.0,1149.0,3,6
1460,failed,53,23985.0,25000.0,1015.0,3,5
1461,failed,29,24351.0,25576.5,1225.5,4,3
1462,failed,46,24739.5,25879.0,1139.5,2,8
1463,passed,17,27253.5,27253.5,623.0,4,3
1464,passed,28,26520.5,26520.5,764.5,4,3
1465,failed,44,25255.0,26286.5,1031.5,7,4
1466,passed,21,27537.0,27537.0,420.5,4,3
1467,passed,7,27718.0,27718.0,386.5,4,1
1468,passed,12,26755.5,26755.5,257.5,3,2
1469,passed,71,26531.0,26531.0,566.5,5,4
1470,passed,37,26536.5,26536.5,524.5,4,3
1471,passed,23,27110.5,27110.5,308.0,3,3
1472,failed,16,24630.5,25651.0,1020.5,3,3
1473,passed,12,26500.5,26500.5,853.0,3,1
1474,failed,29,25460.0,26489.5,1029.5,3,5
1475,passed,48,26588.5,26588.5,585.0,4,6
1476,failed,14,24009.5,25082.5,1073.0,2,6
1477,passed,134,27083.5,27083.5,975.5,3,4
1478,failed,41,23821.5,25081.5,1260.0,3,5
1479,failed,52,25340.5,26434.0,1093.5,6,9
1480,failed,38,24113.0,25176.0,1063.0,5,5
1481,failed,13,23883.0,25000.0,1117.0,1,3
1482,failed,37,25234.5,26242.5,1008.0,3,3
1483,passed,35,26696.0,26696.0,677.5,3,3
1484,failed,20,24531.5,25726.0,1194.5,3,7
1485,failed,19,24289.0,25391.0,1102.0,5,5
1486,failed,42,24396.0,25475.5,1079.5,3,4
1487,failed,63,25115.5,26197.5,1082.0,4,5
1488,failed,7,23973.5,25000.0,1026.5,1,5
1489,failed,72,24441.5,25568.0,1126.5,3,4
1490,failed,39,23896.0,25118.5,1222.5,2,5
1491,failed,50,24356.5,25371.5,1015.0,7,10
1492,passed,35,26565.5,26565.5,258.5,5,4
1493,passed,60,26803.5,26803.5,963.5,4,4
1494,failed,30,24452.5,25485.5,1033.0,5,5
1495,passed,24,26590.5,26590.5,365.5,6,4
1496,failed,32,25299.0,26310.0,1011.0,4,4
1497,failed,26,24757.5,25785.0,1027.5,2,4
1498,failed,28,23974.5,25051.0,1076.5,2,4
1499,failed,15,23878.5,25000.0,1121.5,2,4
1500,failed,49,25361.0,26439.5,1078.5,6,4
1501,passed,48,26601.5,26601.5,911.0,5,6
1502,passed,64,26759.0,26759.0,982.5,4,8
1503,passed,127,26504.5,26504.5,998.0,5,5
1504,passed,44,26512.5,26512.5,689.5,9,3
1505,failed,7,24413.0,25508.0,1095.0,1,4
1506,failed,14,25078.5,26082.5,1004.0,3,4
1507,failed,61,25193.5,26265.5,1072.0,2,5
1508,failed,68,24313.0,25459.0,1146.0,3,5
1509,failed,7,24023.5,25079.5,1056.0,1,6
1510,failed,19,24956.0,26107.5,1151.5,5,6
1511,passed,20,26602.5,26602.5,417.5,9,2
1512,passed,27,26761.5,26761.5,386.5,4,2
1513,failed,22,24411.5,25491.5,1080.0,3,4
1514,passed,29,26573.0,26573.0,550.5,3,2
1515,failed,14,23901.5,25000.0,1098.5,1,7
1516,passed,31,26560.0,26560.0,737.5,5,4
1517,failed,43,24493.0,25564.0,1071.0,3,4
1518,failed,29,24106.0,25264.0,1158.0,2,6
1519,passed,38,26559.5,26559.5,315.0,5,5
1520,passed,66,26682.5,26682.5,807.0,3,7
1521,failed,32,24851.5,25895.0,1043.5,5,4
1522,failed,25,24286.0,25304.0,1018.0,4,4
1523,failed,20,24331.5,25395.0,1063.5,2,6
1524,passed,71,27415.5,27415.5,798.5,3,9
1525,failed,41,25028.5,26189.5,1161.0,4,5
1526,failed,49,24739.0,25741.0,1002.0,4,6
1527,failed,32,24497.5,25541.5,1044.0,5,11
1528,failed,7,24313.5,25453.5,1140.0,1,6
1529,passed,45,26570.0,26570.0,822.5,5,4
1530,failed,17,24085.0,25382.5,1297.5,2,5
1531,passed,28,26703.0,26703.0,870.5,3,4
1532,failed,41,23972.0,25103.0,1131.0,2,4
1533,failed,42,24405.5,25433.5,1028.0,2,9
1534,failed,12,24245.5,25374.0,1128.5,2,3
1535,passed,12,27227.5,27227.5,782.5,4,3
1536,failed,41,24454.0,25550.0,1096.0,4,4
1537,failed,27,24455.0,25455.5,1000.5,6,7
1538,passed,72,26670.0,26670.0,923.0,4,6
1539,passed,19,26545.5,26545.5,350.0,4,3
1540,passed,23,26523.5,26523.5,791.5,4,3
1541,failed,37,24411.5,25453.5,1042.0,2,9
1542,failed,7,24474.5,25653.0,1178.5,3,4
1543,passed,21,27338.0,27338.0,504.0,6,6
1544,failed,7,24413.0,25508.0,1095.0,1,4
1545,failed,21,24315.5,25357.5,1042.0,3,7
1546,failed,8,24014.5,25150.5,1136.0,1,5
1547,failed,22,24110.5,25126.0,1015.5,2,5
1548,passed,29,26568.0,26568.0,594.5,5,4
1549,passed,60,26610.0,26610.0,852.0,4,6
1550,failed,101,24306.0,25413.0,1107.0,7,10
1551,passed,55,26597.0,26597.0,653.5,5,4
1552,passed,23,26563.0,26563.0,288.0,4,3
1553,failed,32,24917.5,26133.5,1216.0,4,6
1554,failed,44,24988.5,26181.5,1193.0,5,5
1555,failed,40,24905.0,26033.5,1128.5,4,6
1556,failed,7,23926.5,25000.0,1073.5,1,3
1557,passed,96,26554.0,26554.0,894.5,4,5
1558,failed,28,24526.0,25617.0,1091.0,3,5
1559,failed,13,23964.0,25016.0,1052.0,1,5
1560,passed,32,27243.5,27243.5,687.5,3,2
1561,failed,23,24740.5,25881.5,1141.0,3,5
1562,failed,8,24356.5,25473.0,1116.5,3,4
1563,failed,11,24018.0,25061.5,1043.5,2,5
1564,passed,38,26563.0,26563.0,518.5,4,5
1565,failed,19,24971.5,25977.5,1006.0,3,5
1566,failed,8,24933.5,26137.5,1204.0,3,2
1567,passed,46,26500.0,26500.0,826.5,6,4
1568,failed,48,24940.5,26015.5,1075.0,7,7
1569,passed,54,26771.0,26771.0,937.5,3,4
1570,failed,8,24145.5,25326.0,1180.5,2,6
1571,passed,47,26541.0,26541.0,768.0,5,8
1572,passed,49,26713.5,26713.5,418.5,5,3
1573,failed,16,23932.0,25072.0,1140.0,2,6
1574,failed,8,24294.5,25491.5,1197.0,1,5
1575,failed,26,24517.5,25580.0,1062.5,3,5
1576,failed,18,24661.5,25730.0,1068.5,3,4
1577,failed,11,24626.5,25687.5,1061.0,3,5
1578,passed,25,26608.0,26608.0,507.5,3,4
1579,passed,73,26673.5,26673.5,957.0,4,5
1580,failed,13,24108.0,25230.0,1122.0,3,3
1581,failed,51,25474.0,26493.0,1019.0,3,4
1582,failed,27,24219.0,25232.0,1013.0,2,3
1583,failed,25,24524.5,25562.5,1038.0,2,6
1584,failed,58,23975.0,25029.5,1054.5,5,4
1585,failed,31,25038.0,26125.0,1087.0,4,3
1586,failed,13,24495.5,25581.0,1085.5,3,6
1587,passed,15,26871.0,26871.0,451.0,4,2
1588,failed,36,24566.0,25613.5,1047.5,3,7
1589,failed,13,24046.5,25082.5,1036.0,2,6
1590,failed,77,24812.5,25823.0,1010.5,4,7
1591,passed,26,26521.0,26521.0,519.5,3,3
1592,failed,62,25208.5,26218.0,1009.5,5,5
1593,failed,12,24089.5,25107.5,1018.0,1,7
1594,failed,7,23940.5,25000.0,1059.5,1,3
1595,passed,57,27167.0,27167.0,523.0,4,3
1596,passed,37,26604.0,26604.0,730.5,3,4
1597,failed,24,23835.0,25000.0,1165.0,2,4
1598,passed,101,26804.0,26804.0,827.0,4,7
1599,passed,49,27221.0,27221.0,635.5,8,5
1600,passed,32,26628.5,26628.5,684.0,4,4
1601,passed,22,26501.5,26501.5,398.0,3,2
1602,failed,46,24383.5,25409.5,1026.0,2,4
1603,passed,55,26502.0,26502.0,949.0,5,6
1604,passed,26,26599.0,26599.0,809.5,4,6
1605,failed,34,24786.5,26014.0,1227.5,5,4
1606,failed,29,23932.5,25038.0,1105.5,2,3
1607,failed,67,24422.5,25681.0,1258.5,4,4
1608,failed,43,25019.0,26068.5,1049.5,6,4
1609,passed,50,26680.0,26680.0,802.5,7,3
1610,failed,43,24554.5,25753.0,1198.5,3,4
1611,passed,136,26622.0,26622.0,876.0,6,7
1612,failed,37,25005.0,26144.5,1139.5,3,3
1613,passed,85,26588.5,26588.5,835.5,4,9
1614,failed,23,24085.0,25260.5,1175.5,4,4
1615,failed,19,24716.5,25895.0,1178.5,5,4
1616,passed,56,26596.0,26596.0,667.5,5,5
1617,failed,38,24253.5,25478.0,1224.5,3,5
1618,failed,37,24336.5,25468.0,1131.5,2,7
1619,passed,44,26503.0,26503.0,507.5,6,4
1620,passed,16,26701.0,26701.0,289.5,3,3
1621,passed,59,26762.5,26762.5,789.5,3,5
1622,failed,49,24712.0,25852.0,1140.0,3,6
1623,failed,37,23990.0,25057.5,1067.5,2,5
1624,passed,65,26610.0,26610.0,699.5,5,5
1625,failed,33,24208.5,25357.0,1148.5,2,7
1626,failed,6,23907.5,25013.5,1106.0,1,5
1627,failed,41,24517.5,25641.0,1123.5,5,3
1628,passed,61,26565.0,26565.0,897.0,6,7
1629,failed,18,24332.5,25342.5,1010.0,3,3
1630,failed,15,24314.5,25428.0,1113.5,7,6
1631,passed,20,26795.0,26795.0,519.5,2,4
1632,failed,20,24328.0,25413.0,1085.0,2,5
1633,passed,77,26606.0,26606.0,904.0,6,5
1634,passed,28,26572.0,26572.0,391.5,3,2
1635,failed,55,24354.5,25506.0,1151.5,4,8
1636,passed,29,26532.0,26532.0,557.0,4,4
1637,passed,21,26505.5,26505.5,198.0,5,4
1638,failed,27,24024.5,25123.5,1099.0,2,5
1639,passed,14,26575.5,26575.5,355.5,3,2
1640,passed,22,26920.5,26920.5,580.0,4,3
1641,failed,16,24418.5,25508.0,1089.5,3,3
1642,failed,33,25120.5,26130.5,1010.0,3,4
1643,passed,39,27180.0,27180.0,350.0,4,4
1644,failed,26,24558.0,25686.5,1128.5,3,4
1645,failed,28,24694.5,25789.5,1095.0,6,4
1646,passed,16,26528.0,26528.0,491.5,3,3
1647,passed,37,26515.0,26515.0,286.5,3,4
1648,passed,10,26844.5,26844.5,257.0,4,3
1649,passed,95,26520.0,26520.0,799.5,7,9
1650,passed,7,26765.0,26765.0,217.0,3,1
1651,failed,22,24643.5,25731.5,1088.0,4,3
1652,failed,25,24639.0,25684.0,1045.0,2,6
1653,failed,7,23918.0,25000.0,1082.0,1,3
1654,passed,15,26857.5,26857.5,153.5,5,4
1655,passed,7,26570.5,26570.5,729.5,2,3
1656,failed,21,24568.5,25670.0,1101.5,5,3
1657,failed,40,24041.0,25167.5,1126.5,5,8
1658,failed,49,24387.0,25604.0,1217.0,3,4
1659,failed,10,23929.5,25000.0,1070.5,1,2
1660,passed,29,26810.5,26810.5,611.0,2,7
1661,passed,58,26599.0,26599.0,825.5,4,4
1662,failed,24,24246.0,25372.5,1126.5,3,3
1663,failed,41,24722.0,25818.5,1096.5,4,4
1664,passed,24,26555.5,26555.5,550.5,2,4
1665,failed,20,24281.5,25308.0,1026.5,1,6
1666,failed,45,24193.5,25522.0,1328.5,4,6
1667,passed,71,26672.5,26672.5,550.5,5,4
1668,passed,16,26509.0,26509.0,406.5,4,2
1669,failed,15,24019.0,25201.5,1182.5,4,6
1670,failed,83,25376.5,26462.5,1086.0,7,5
1671,passed,25,26825.5,26825.5,675.5,5,7
1672,passed,48,26660.0,26660.0,622.5,6,7
1673,failed,22,24588.5,25645.0,1056.5,4,4
1674,failed,14,25310.0,26438.5,1128.5,2,3
1675,passed,53,26796.5,26796.5,612.0,6,4
1676,passed,52,26635.0,26635.0,461.5,5,9
1677,failed,13,23906.5,25000.0,1093.5,2,3
1678,failed,11,24029.5,25126.0,1096.5,1,4
1679,failed,48,24382.5,25737.5,1355.0,4,3
1680,failed,27,24249.5,25428.0,1178.5,3,4
1681,passed,12,26772.5,26772.5,320.5,3,2
1682,failed,24,24955.5,25968.5,1013.0,2,5
1683,passed,39,26633.0,26633.0,220.0,4,5
1684,failed,7,23926.5,25000.0,1073.5,1,3
1685,passed,43,26969.0,26969.0,606.0,8,6
1686,passed,20,26888.0,26888.0,386.5,4,2
1687,failed,29,24939.5,25953.5,1014.0,2,7
1688,passed,28,26730.5,26730.5,565.5,5,3
1689,failed,42,24078.0,25184.0,1106.0,4,5
1690,failed,31,24195.5,25251.5,1056.0,3,6
1691,passed,19,26788.5,26788.5,198.5,3,5
1692,failed,27,24715.5,25795.0,1079.5,5,3
1693,failed,36,24028.0,25111.0,1083.0,3,5
1694,failed,26,24663.0,25701.5,1038.5,3,5
1695,failed,35,24598.0,25747.0,1149.0,6,6
1696,failed,14,23733.5,25000.0,1266.5,3,5
1697,passed,72,26584.5,26584.5,903.0,3,10
1698,failed,40,25109.0,26128.5,1019.5,3,3
1699,failed,20,24205.0,25390.5,1185.5,5,4
1700,failed,25,24377.5,25487.5,1110.0,3,3
1701,failed,45,24876.0,26083.0,1207.0,5,6
1702,passed,4,26646.0,26646.0,207.5,2,1
1703,failed,26,25273.0,26421.5,1148.5,4,7
1704,passed,57,26799.0,26799.0,890.5,3,4
1705,failed,17,23909.5,25000.0,1090.5,2,4
1706,failed,23,24565.0,25661.0,1096.0,3,3
1707,failed,16,23901.5,25000.0,1098.5,1,4
1708,passed,15,26551.0,26551.0,198.5,5,3
1709,passed,29,26525.5,26525.5,814.5,3,5
1710,passed,44,26544.0,26544.0,379.5,5,3
1711,failed,16,24266.5,25297.5,1031.0,4,5
1712,failed,57,24666.0,25730.0,1064.0,3,6
1713,failed,36,23937.5,25000.0,1062.5,4,5
1714,passed,3,26644.5,26644.5,0.0,3,0
1715,passed,58,26554.5,26554.5,904.0,4,5
1716,passed,20,26550.0,26550.0,464.5,4,4
1717,failed,38,24304.0,25438.5,1134.5,3,7
1718,failed,20,23956.5,25000.0,1043.5,3,4
1719,failed,69,25320.0,26349.0,1029.0,7,5
1720,passed,7,27226.5,27226.5,45.5,6,1
1721,failed,38,24676.0,25679.5,1003.5,5,7
1722,failed,6,23863.5,25000.0,1136.5,0,6
1723,passed,43,26576.5,26576.5,523.0,6,6
1724,failed,15,24095.0,25152.0,1057.0,1,5
1725,failed,6,23944.0,25000.0,1056.0,0,6
1726,passed,62,27170.5,27170.5,635.5,3,4
1727,passed,66,26518.5,26518.5,612.0,5,4
1728,passed,11,26502.0,26502.0,254.0,3,2
1729,passed,29,26645.0,26645.0,356.5,2,4
1730,failed,60,25167.0,26223.0,1056.0,3,4
1731,failed,42,24161.0,25221.0,1060.0,4,6
1732,passed,5,27451.5,27451.5,386.5,4,1
1733,failed,51,24330.0,25559.5,1229.5,2,9
1734,failed,6,23944.0,25000.0,1056.0,0,6
1735,failed,16,23981.5,25135.0,1153.5,2,7
1736,passed,37,26630.0,26630.0,725.0,4,3
1737,failed,36,24693.5,25823.0,1129.5,2,10
1738,failed,60,24686.5,25894.0,1207.5,4,6
1739,failed,28,24732.5,25911.0,1178.5,6,4
1740,failed,53,25263.5,26272.0,1008.5,3,6
1741,passed,23,26529.5,26529.5,607.0,4,3
1742,passed,32,26533.0,26533.0,391.5,2,3
1743,failed,196,24846.0,25898.5,1052.5,6,7
1744,failed,7,23921.5,25000.0,1078.5,1,3
1745,failed,57,24714.5,25932.0,1217.5,4,6
1746,passed,42,26545.5,26545.5,620.0,4,4
1747,failed,18,24210.5,25238.5,1028.0,4,6
1748,failed,23,24590.5,25596.0,1005.5,4,4
1749,passed,40,26558.0,26558.0,651.5,2,4
1750,passed,18,26507.5,26507.5,322.5,4,5
1751,failed,48,25425.0,26454.0,1029.0,3,5
1752,passed,77,26603.0,26603.0,779.5,4,4
1753,failed,17,24706.0,25727.0,1021.0,5,3
1754,failed,31,23969.5,25316.0,1346.5,4,4
1755,passed,40,26637.0,26637.0,316.5,3,5
1756,passed,57,26541.0,26541.0,568.0,4,5
1757,passed,50,26501.0,26501.0,855.5,3,3
1758,failed,20,24043.0,25163.5,1120.5,2,4
1759,failed,9,24528.0,25580.0,1052.0,2,5
1760,failed,6,23860.0,25000.0,1140.0,0,6
1761,failed,83,25031.5,26407.0,1375.5,10,6
1762,failed,6,23914.5,25000.0,1085.5,0,6
1763,passed,24,27274.5,27274.5,527.5,4,2
1764,passed,60,26506.0,26506.0,707.5,4,4
1765,passed,2,27650.0,27650.0,0.0,2,0
1766,passed,151,26517.0,26517.0,876.5,4,7
1767,passed,21,26555.0,26555.0,504.0,2,2
1768,failed,44,24507.0,25586.0,1079.0,5,5
1769,passed,24,26528.5,26528.5,361.5,2,2
1770,failed,23,23981.0,25071.5,1090.5,2,5
1771,passed,54,26624.0,26624.0,777.0,3,5
1772,failed,25,23929.5,25049.0,1119.5,4,4
1773,failed,7,23973.5,25000.0,1026.5,1,5
1774,passed,66,26504.5,26504.5,759.5,6,5
1775,passed,39,26559.5,26559.5,853.0,4,2
1776,passed,41,26526.0,26526.0,846.5,11,6
1777,passed,40,26511.0,26511.0,947.0,5,5
1778,passed,24,26580.5,26580.5,398.0,7,3
1779,failed,22,24273.0,25308.0,1035.0,4,5
1780,failed,21,24830.0,25834.0,1004.0,4,4
1781,failed,39,24394.0,25515.0,1121.0,4,5
1782,failed,54,24433.5,25666.0,1232.5,5,4
1783,passed,5,27242.5,27242.5,0.0,5,0
1784,failed,4,24398.0,25526.5,1128.5,1,3
1785,failed,55,24765.0,25777.0,1012.0,3,4
1786,passed,52,26532.0,26532.0,768.0,3,3
1787,failed,31,24591.0,25598.5,1007.5,4,5
1788,failed,6,24660.5,25789.0,1128.5,1,3
1789,failed,56,24502.5,25831.5,1329.0,3,6
1790,failed,4,24398.0,25526.5,1128.5,1,3
1791,failed,6,24243.0,25272.0,1029.0,1,5
1792,passed,14,26657.0,26657.0,417.5,2,2
1793,failed,24,24335.0,25387.0,1052.0,3,6
1794,passed,13,26590.0,26590.0,399.0,3,2
1795,passed,81,26526.5,26526.5,920.5,5,7
1796,failed,46,24080.5,25105.5,1025.0,2,5
1797,passed,35,26688.0,26688.0,285.5,5,3
1798,passed,27,26676.0,26676.0,537.5,6,3
1799,failed,44,24297.0,25307.0,1010.0,6,4
1800,failed,61,24524.0,25572.5,1048.5,3,4
1801,failed,21,24437.5,25517.0,1079.5,3,4
1802,failed,28,24944.5,25961.5,1017.0,4,5
1803,failed,27,24435.5,25596.5,1161.0,7,5
1804,passed,50,26614.5,26614.5,422.5,7,4
1805,passed,14,26637.5,26637.5,48.0,4,2
1806,failed,19,24492.5,25638.5,1146.0,3,5
1807,passed,19,27106.0,27106.0,814.0,4,3
1808,failed,29,24974.0,25983.0,1009.0,3,4
1809,passed,16,26518.0,26518.0,236.5,5,1
1810,passed,14,26503.5,26503.5,257.0,4,2
1811,failed,15,24084.5,25111.0,1026.5,1,4
1812,passed,22,26612.0,26612.0,404.5,4,3
1813,passed,14,26837.0,26837.0,746.0,4,4
1814,passed,42,26600.5,26600.5,564.5,3,2
1815,passed,31,26675.0,26675.0,431.0,2,4
1816,failed,17,24134.5,25204.5,1070.0,3,5
1817,failed,41,24863.5,26020.0,1156.5,7,4
1818,passed,36,27132.5,27132.5,806.0,4,5
1819,failed,70,24373.5,25473.0,1099.5,3,7
1820,failed,51,24612.0,25766.5,1154.5,4,6
1821,failed,9,24031.5,25230.0,1198.5,3,5
1822,failed,29,23980.5,25000.0,1019.5,5,10
1823,failed,15,24262.0,25433.5,1171.5,3,4
1824,failed,57,23909.0,25027.5,1118.5,4,7
1825,passed,19,26581.5,26581.5,131.0,3,1
1826,passed,38,26506.0,26506.0,644.0,3,6
1827,passed,30,26573.0,26573.0,642.0,4,4
1828,passed,31,26929.5,26929.5,356.5,3,3
1829,failed,19,24697.5,25720.0,1022.5,2,5
1830,passed,45,26567.5,26567.5,692.5,4,2
1831,failed,59,25181.5,26321.5,1140.0,8,6
1832,passed,20,26506.5,26506.5,436.5,5,3
1833,failed,16,24317.5,25539.5,1222.0,1,6
1834,failed,74,24236.5,25329.0,1092.5,6,5
1835,failed,9,24079.0,25247.5,1168.5,1,3
1836,passed,21,26784.5,26784.5,314.0,4,2
1837,passed,15,26759.0,26759.0,853.0,3,2
1838,failed,53,24653.0,25719.0,1066.0,6,6
1839,failed,14,23898.0,25000.0,1102.0,1,3
1840,passed,18,26592.0,26592.0,171.0,5,2
1841,failed,56,24925.5,26020.5,1095.0,3,4
1842,failed,27,24389.5,25525.0,1135.5,3,3
1843,passed,60,26594.5,26594.5,810.0,6,3
1844,passed,66,26574.0,26574.0,442.5,7,8
1845,passed,49,26557.0,26557.0,364.0,3,3
1846,failed,30,24522.5,25545.0,1022.5,4,6
1847,passed,92,26575.5,26575.5,866.5,4,8
1848,failed,94,24951.0,26088.0,1137.0,7,7
1849,passed,52,26510.0,26510.0,989.0,3,4
1850,passed,38,26565.5,26565.5,870.5,7,4
1851,failed,34,23945.0,25000.0,1055.0,3,5
1852,failed,32,24332.5,25394.5,1062.0,3,5
1853,passed,85,26612.0,26612.0,873.0,6,4
1854,failed,30,24584.0,25584.0,1000.0,3,3
1855,passed,35,26634.0,26634.0,548.0,2,4
1856,failed,32,24241.0,25664.5,1423.5,3,5
1857,failed,38,24687.5,25787.0,1099.5,3,7
1858,failed,29,24769.0,25892.0,1123.0,3,3
1859,passed,18,26841.0,26841.0,410.0,3,2
1860,passed,42,26504.5,26504.5,884.0,6,11
1861,failed,42,24669.5,25820.5,1151.0,4,13
1862,failed,25,23858.5,25188.5,1330.0,3,3
1863,failed,19,24398.0,25655.0,1257.0,2,5
1864,passed,43,26609.5,26609.5,668.0,5,6
1865,passed,13,26571.5,26571.5,191.0,4,1
1866,failed,21,23893.0,25112.5,1219.5,2,4
1867,passed,23,27248.5,27248.5,595.0,3,3
1868,failed,26,24172.0,25224.5,1052.5,2,4
1869,failed,26,24578.5,25621.0,1042.5,3,4
1870,failed,32,24607.5,25638.5,1031.0,2,3
1871,passed,25,26626.5,26626.5,819.5,3,3
1872,failed,25,24673.5,25707.0,1033.5,4,3
1873,failed,22,24405.0,25528.5,1123.5,2,4
1874,failed,7,24034.0,25119.5,1085.5,1,6
1875,failed,25,24906.5,26001.5,1095.0,2,6
1876,failed,23,24133.5,25149.5,1016.0,3,5
1877,failed,25,24661.5,25923.0,1261.5,3,3
1878,failed,34,24492.5,25580.5,1088.0,6,5
1879,failed,19,24146.0,25293.5,1147.5,2,4
1880,failed,25,24672.5,25709.5,1037.0,3,6
1881,failed,29,25326.5,26453.0,1126.5,3,8
1882,failed,24,24752.5,25785.0,1032.5,5,5
1883,passed,11,27106.0,27106.0,3.0,9,1
1884,failed,101,24922.5,26127.0,1204.5,5,6
1885,failed,7,23926.5,25000.0,1073.5,1,3
1886,failed,24,24731.5,25931.0,1199.5,2,4
1887,failed,10,24306.5,25407.0,1100.5,2,5
1888,passed,12,26605.0,26605.0,519.5,4,2
1889,failed,23,24797.5,25987.5,1190.0,4,5
1890,passed,23,26636.5,26636.5,261.0,4,2
1891,failed,12,23991.5,25000.0,1008.5,0,12
1892,failed,7,24023.5,25079.5,1056.0,1,6
1893,failed,28,24238.0,25420.0,1182.0,3,3
1894,failed,25,24557.0,25619.0,1062.0,3,6
1895,failed,26,23860.5,25023.5,1163.0,3,4
1896,failed,58,24916.0,25958.5,1042.5,4,7
1897,passed,93,26527.0,26527.0,774.5,5,5
1898,failed,52,24941.5,26143.5,1202.0,4,6
1899,failed,41,25026.0,26204.5,1178.5,5,5
1900,failed,43,24206.0,25219.5,1013.5,6,4
1901,passed,24,27335.5,27335.5,659.5,7,2
1902,failed,32,24768.0,25814.0,1046.0,2,5
1903,passed,86,26744.5,26744.5,789.5,5,8
1904,passed,29,26524.5,26524.5,603.5,4,7
1905,failed,82,24333.0,25357.5,1024.5,4,6
1906,passed,85,26623.5,26623.5,800.0,3,9
1907,failed,45,23951.5,25114.5,1163.0,4,5
1908,failed,21,25179.0,26180.5,1001.5,2,4
1909,failed,39,24351.5,25483.0,1131.5,5,6
1910,passed,35,26858.5,26858.5,296.5,5,2
1911,failed,13,24029.5,25087.0,1057.5,2,5
1912,failed,97,25276.5,26378.5,1102.0,5,6
1913,failed,28,24257.5,25263.0,1005.5,3,4
1914,failed,68,24819.0,25887.0,1068.0,4,5
1915,passed,140,26709.0,26709.0,902.5,6,5
1916,failed,6,24123.0,25301.5,1178.5,2,4
1917,passed,6,26742.0,26742.0,257.5,3,1
1918,passed,74,26505.0,26505.0,510.5,15,5
1919,passed,13,26931.5,26931.5,184.5,5,1
1920,passed,119,26624.5,26624.5,684.5,4,4
1921,passed,37,26727.0,26727.0,711.5,6,4
1922,passed,58,26886.5,26886.5,743.5,3,8
1923,failed,22,24237.0,25368.5,1131.5,3,3
1924,failed,11,24735.5,25817.0,1081.5,3,3
1925,failed,21,24206.0,25312.0,1106.0,3,5
1926,passed,55,26544.5,26544.5,637.5,7,6
1927,failed,38,24760.0,25842.0,1082.0,4,4
1928,passed,5,26627.5,26627.5,386.5,3,1
1929,failed,22,23772.0,25083.5,1311.5,2,4
1930,failed,39,24825.0,25902.5,1077.5,3,4
1931,failed,36,24526.5,25539.5,1013.0,2,3
1932,failed,11,24368.0,25486.0,1118.0,3,5
1933,passed,74,26510.0,26510.0,986.0,4,3
1934,failed,18,25313.5,26317.5,1004.0,2,4
1935,passed,48,26654.5,26654.5,655.0,3,4
1936,failed,24,24831.5,25969.0,1137.5,3,5
1937,passed,14,26867.5,26867.5,217.0,5,1
1938,passed,56,26513.0,26513.0,802.5,8,3
1939,passed,60,26621.0,26621.0,788.5,3,3
1940,failed,22,24059.5,25309.0,1249.5,2,5
1941,passed,51,26528.5,26528.5,785.0,4,5
1942,failed,33,24054.5,25149.5,1095.0,3,5
1943,passed,107,26762.5,26762.5,991.5,4,6
1944,passed,9,27809.5,27809.5,191.0,2,1
1945,failed,12,23968.0,25000.0,1032.0,0,12
1946,failed,42,24314.5,25402.0,1087.5,3,3
1947,failed,41,23950.5,25000.0,1049.5,4,5
1948,failed,20,23981.5,25069.5,1088.0,2,4
1949,passed,14,26506.0,26506.0,282.5,3,2
1950,passed,25,26550.0,26550.0,564.5,2,4
1951,passed,18,26507.0,26507.0,397.5,3,3
1952,passed,22,26834.0,26834.0,624.5,5,2
1953,failed,11,24610.5,25640.0,1029.5,2,5
1954,passed,45,26701.5,26701.5,677.5,4,3
1955,failed,49,25094.0,26150.0,1056.0,3,7
1956,passed,18,26566.0,26566.0,131.0,4,1
1957,failed,19,25001.5,26025.5,1024.0,3,3
1958,failed,119,24426.5,25630.0,1203.5,5,5
1959,passed,58,26616.5,26616.5,977.5,5,7
1960,failed,45,24793.5,25834.5,1041.0,2,5
1961,passed,29,26626.0,26626.0,967.5,2,10
1962,failed,102,25265.5,26423.5,1158.0,5,8
1963,passed,44,26610.0,26610.0,498.5,7,3
1964,failed,27,25082.0,26138.0,1056.0,6,6
1965,failed,14,23965.0,25000.0,1035.0,1,4
1966,passed,54,26510.0,26510.0,858.5,4,4
1967,failed,48,25334.0,26432.5,1098.5,7,4
1968,passed,26,26657.5,26657.5,423.5,3,2
1969,failed,39,25222.5,26272.5,1050.0,3,7
1970,failed,48,24406.5,25571.0,1164.5,5,5
1971,failed,72,24472.5,25613.5,1141.0,3,6
1972,failed,24,23846.5,25000.0,1153.5,2,7
1973,failed,30,24617.5,25669.5,1052.0,3,4
1974,passed,16,27094.0,27094.0,677.5,4,3
1975,failed,22,24116.5,25400.0,1283.5,3,5
1976,failed,39,24221.0,25315.5,1094.5,2,5
1977,passed,48,26514.0,26514.0,728.5,3,4
1978,failed,16,25138.0,26138.0,1000.0,3,3
1979,failed,22,24621.5,25744.5,1123.0,3,4
1980,passed,34,26518.0,26518.0,901.5,4,6
1981,failed,42,25123.0,26263.0,1140.0,3,6
1982,passed,37,26851.0,26851.0,645.0,4,4
1983,passed,66,26758.5,26758.5,844.5,3,4
1984,passed,9,27539.0,27539.0,564.5,2,2
1985,failed,96,25163.0,26208.5,1045.5,3,5
1986,passed,14,26591.0,26591.0,198.5,5,3
1987,passed,50,26555.5,26555.5,984.0,6,6
1988,failed,52,25061.0,26125.5,1064.5,4,4
1989,failed,18,23902.5,25000.0,1097.5,2,5
1990,passed,13,26678.5,26678.5,734.0,4,2
1991,failed,36,25375.5,26419.5,1044.0,5,5
1992,failed,26,24759.0,25816.0,1057.0,6,3
1993,failed,13,24692.0,25800.5,1108.5,4,5
1994,passed,42,26521.0,26521.0,550.5,3,4
1995,failed,70,24592.0,25699.5,1107.5,5,10
1996,failed,73,25052.5,26056.0,1003.5,4,15
1997,passed,9,26602.0,26602.0,312.5,4,4
1998,passed,49,26738.0,26738.0,842.5,4,3
1999,passed,19,26656.5,26656.5,519.5,4,2
